participant.id_in_session,participant.code,participant.label,participant._is_bot,participant._index_in_pages,participant._max_page_index,participant._current_app_name,participant._current_page_name,participant.time_started,participant.visited,participant.mturk_worker_id,participant.mturk_assignment_id,participant.payoff,player.id_in_group,player.review_weather,player.review_instructions,player.window_width,player.window_height,player.browser,player.FEV1,player.lower_bound,player.diff_LB,player.costs_LB,player.chance_LB,player.best_guess,player.diff_BG,player.costs_BG,player.chance_BG,player.upper_bound,player.diff_UB,player.costs_UB,player.chance_UB,player.total_chance,player.random_draw,player.success,player.is_relevant,player.payoff,group.id_in_subsession,subsession.round_number,session.code,session.label,session.mturk_HITId,session.mturk_HITGroupId,session.comment,session.is_demo
1,tu4e1j7x,,1,63,63,terminate,Results,2021-01-13 12:26:19.601275+00:00,1,,,0.00,1,1,3,16,9,Chrome Test,,13.0,10.0,90.0,-40.0,16.0,13.0,39.0,11.0,18.0,15.0,45.0,5.0,0,70,0,,0.00,1,1,jing3te6,,,,,0
2,1bt3adq0,,1,63,63,terminate,Results,2021-01-13 12:26:19.650511+00:00,1,,,0.00,2,2,2,16,9,Chrome Test,,13.0,4.0,36.0,14.0,16.0,7.0,21.0,29.0,17.0,8.0,24.0,26.0,46,93,0,1,0.00,1,1,jing3te6,,,,,0
3,7jny5nkb,,1,63,63,terminate,Results,2021-01-13 12:26:19.673271+00:00,1,,,10.00,3,2,2,16,9,Chrome Test,,13.0,4.0,36.0,14.0,16.0,7.0,21.0,29.0,18.0,9.0,27.0,23.0,44,19,1,,0.00,1,1,jing3te6,,,,,0
4,xqbgfwwf,,1,63,63,terminate,Results,2021-01-13 12:26:19.696306+00:00,1,,,0.00,4,1,2,16,9,Chrome Test,,12.0,9.0,81.0,-31.0,13.0,10.0,30.0,20.0,14.0,11.0,33.0,17.0,4,69,0,,0.00,1,1,jing3te6,,,,,0
5,f3eq6sen,,1,63,63,terminate,Results,2021-01-13 12:26:19.720212+00:00,1,,,10.00,5,2,4,16,9,Chrome Test,,8.0,5.0,45.0,5.0,11.0,8.0,24.0,26.0,14.0,11.0,33.0,17.0,32,6,1,,0.00,1,1,jing3te6,,,,,0
6,ljkbwfd6,,1,63,63,terminate,Results,2021-01-13 12:26:19.744247+00:00,1,,,10.00,6,1,4,16,9,Chrome Test,,14.0,11.0,99.0,-49.0,15.0,12.0,36.0,14.0,16.0,13.0,39.0,11.0,0,28,0,,0.00,1,1,jing3te6,,,,,0
7,9bbvvn5c,,1,63,63,terminate,Results,2021-01-13 12:26:19.767685+00:00,1,,,10.00,7,2,4,16,9,Chrome Test,,9.0,0.0,0.0,50.0,12.0,3.0,9.0,41.0,13.0,4.0,12.0,38.0,86,88,0,,0.00,1,1,jing3te6,,,,,0
8,yb8cy6ee,,1,63,63,terminate,Results,2021-01-13 12:26:19.790175+00:00,1,,,10.00,8,1,2,16,9,Chrome Test,,11.0,2.0,18.0,32.0,13.0,4.0,12.0,38.0,16.0,7.0,21.0,29.0,66,24,1,,0.00,1,1,jing3te6,,,,,0
9,ud2ct78f,,1,63,63,terminate,Results,2021-01-13 12:26:19.812564+00:00,1,,,0.00,9,1,1,16,9,Chrome Test,,10.0,7.0,63.0,-13.0,12.0,9.0,27.0,23.0,13.0,10.0,30.0,20.0,20,21,0,,0.00,1,1,jing3te6,,,,,0
10,4jndvc1b,,1,63,63,terminate,Results,2021-01-13 12:26:19.836627+00:00,1,,,0.00,10,2,2,16,9,Chrome Test,,14.0,11.0,99.0,-49.0,16.0,13.0,39.0,11.0,17.0,14.0,42.0,8.0,0,27,0,1,0.00,1,1,jing3te6,,,,,0
11,b0mt52e6,,1,63,63,terminate,Results,2021-01-13 12:26:19.859827+00:00,1,,,0.00,11,2,4,16,9,Chrome Test,,6.0,3.0,27.0,23.0,8.0,5.0,15.0,35.0,10.0,7.0,21.0,29.0,58,4,1,,0.00,1,1,jing3te6,,,,,0
12,x8rfhnen,,1,63,63,terminate,Results,2021-01-13 12:26:19.883247+00:00,1,,,10.00,12,1,3,16,9,Chrome Test,,9.0,0.0,0.0,50.0,10.0,1.0,3.0,47.0,12.0,3.0,9.0,41.0,92,80,1,,0.00,1,1,jing3te6,,,,,0
13,ittupnam,,1,63,63,terminate,Results,2021-01-13 12:26:19.905602+00:00,1,,,0.00,13,2,3,16,9,Chrome Test,,12.0,9.0,81.0,-31.0,14.0,11.0,33.0,17.0,16.0,13.0,39.0,11.0,0,6,0,,0.00,1,1,jing3te6,,,,,0
14,6o6wzs64,,1,63,63,terminate,Results,2021-01-13 12:26:19.929176+00:00,1,,,10.00,14,2,4,16,9,Chrome Test,,9.0,6.0,54.0,-4.0,12.0,9.0,27.0,23.0,13.0,10.0,30.0,20.0,26,54,0,,0.00,1,1,jing3te6,,,,,0
15,9b7nrtng,,1,63,63,terminate,Results,2021-01-13 12:26:19.951568+00:00,1,,,0.00,15,1,1,16,9,Chrome Test,,10.0,1.0,9.0,41.0,11.0,2.0,6.0,44.0,13.0,4.0,12.0,38.0,82,82,0,1,0.00,1,1,jing3te6,,,,,0
16,15u6g5z2,,1,63,63,terminate,Results,2021-01-13 12:26:19.974449+00:00,1,,,0.00,16,1,3,16,9,Chrome Test,,12.0,3.0,27.0,23.0,15.0,6.0,18.0,32.0,17.0,8.0,24.0,26.0,54,14,1,,0.00,1,1,jing3te6,,,,,0
17,lvxmo3hp,,1,63,63,terminate,Results,2021-01-13 12:26:19.998436+00:00,1,,,0.00,17,1,4,16,9,Chrome Test,,6.0,3.0,27.0,23.0,8.0,5.0,15.0,35.0,11.0,8.0,24.0,26.0,57,66,0,1,0.00,1,1,jing3te6,,,,,0
18,u5qec9y9,,1,63,63,terminate,Results,2021-01-13 12:26:20.022389+00:00,1,,,0.00,18,1,3,16,9,Chrome Test,,10.0,7.0,63.0,-13.0,11.0,8.0,24.0,26.0,12.0,9.0,27.0,23.0,24,92,0,,0.00,1,1,jing3te6,,,,,0
19,q2d4cc7w,,1,63,63,terminate,Results,2021-01-13 12:26:20.045434+00:00,1,,,10.00,19,1,4,16,9,Chrome Test,,5.0,-4.0,12.0,38.0,8.0,-1.0,3.0,47.0,10.0,1.0,3.0,47.0,88,31,1,1,10.00,1,1,jing3te6,,,,,0
20,vz4n965p,,1,63,63,terminate,Results,2021-01-13 12:26:20.068771+00:00,1,,,10.00,20,1,4,16,9,Chrome Test,,7.0,4.0,36.0,14.0,8.0,5.0,15.0,35.0,11.0,8.0,24.0,26.0,50,40,1,,0.00,1,1,jing3te6,,,,,0
21,tyvzciwy,,1,63,63,terminate,Results,2021-01-13 12:26:20.095058+00:00,1,,,10.00,21,2,2,16,9,Chrome Test,,7.0,4.0,36.0,14.0,9.0,6.0,18.0,32.0,12.0,9.0,27.0,23.0,46,15,1,,0.00,1,1,jing3te6,,,,,0
22,2zbiewmw,,1,63,63,terminate,Results,2021-01-13 12:26:20.118226+00:00,1,,,0.00,22,1,3,16,9,Chrome Test,,10.0,7.0,63.0,-13.0,11.0,8.0,24.0,26.0,14.0,11.0,33.0,17.0,20,64,0,,0.00,1,1,jing3te6,,,,,0
23,n3qfs2ks,,1,63,63,terminate,Results,2021-01-13 12:26:20.143725+00:00,1,,,0.00,23,2,3,16,9,Chrome Test,,10.0,1.0,9.0,41.0,13.0,4.0,12.0,38.0,15.0,6.0,18.0,32.0,74,71,1,,0.00,1,1,jing3te6,,,,,0
24,6unkmqc2,,1,63,63,terminate,Results,2021-01-13 12:26:20.166852+00:00,1,,,10.00,24,2,1,16,9,Chrome Test,,8.0,5.0,45.0,5.0,9.0,6.0,18.0,32.0,12.0,9.0,27.0,23.0,40,5,1,,0.00,1,1,jing3te6,,,,,0
25,awkcp7v8,,1,63,63,terminate,Results,2021-01-13 12:26:20.189396+00:00,1,,,0.00,25,1,2,16,9,Chrome Test,,10.0,1.0,9.0,41.0,13.0,4.0,12.0,38.0,14.0,5.0,15.0,35.0,76,37,1,,0.00,1,1,jing3te6,,,,,0
26,g9blo0w4,,1,63,63,terminate,Results,2021-01-13 12:26:20.212275+00:00,1,,,10.00,26,2,4,16,9,Chrome Test,,10.0,1.0,9.0,41.0,11.0,2.0,6.0,44.0,12.0,3.0,9.0,41.0,84,57,1,1,10.00,1,1,jing3te6,,,,,0
27,hbo0nzcr,,1,63,63,terminate,Results,2021-01-13 12:26:20.323474+00:00,1,,,10.00,27,2,2,16,9,Chrome Test,,7.0,4.0,36.0,14.0,9.0,6.0,18.0,32.0,12.0,9.0,27.0,23.0,46,61,0,,0.00,1,1,jing3te6,,,,,0
28,i9qo2nao,,1,63,63,terminate,Results,2021-01-13 12:26:20.351164+00:00,1,,,10.00,28,1,1,16,9,Chrome Test,,9.0,0.0,0.0,50.0,10.0,1.0,3.0,47.0,13.0,4.0,12.0,38.0,90,65,1,,0.00,1,1,jing3te6,,,,,0
29,otax0bc0,,1,63,63,terminate,Results,2021-01-13 12:26:20.378394+00:00,1,,,10.00,29,1,1,16,9,Chrome Test,,8.0,-1.0,3.0,47.0,9.0,0.0,0.0,50.0,10.0,1.0,3.0,47.0,96,90,1,1,10.00,1,1,jing3te6,,,,,0
30,xocdyd43,,1,63,63,terminate,Results,2021-01-13 12:26:20.404209+00:00,1,,,10.00,30,2,2,16,9,Chrome Test,,15.0,12.0,108.0,-58.0,16.0,13.0,39.0,11.0,17.0,14.0,42.0,8.0,0,69,0,,0.00,1,1,jing3te6,,,,,0
31,jhw43vo1,,1,63,63,terminate,Results,2021-01-13 12:26:20.427659+00:00,1,,,10.00,31,1,2,16,9,Chrome Test,,9.0,6.0,54.0,-4.0,12.0,9.0,27.0,23.0,15.0,12.0,36.0,14.0,22,53,0,,0.00,1,1,jing3te6,,,,,0
32,1f80r52g,,1,63,63,terminate,Results,2021-01-13 12:26:20.450896+00:00,1,,,10.00,32,1,2,16,9,Chrome Test,,9.0,0.0,0.0,50.0,10.0,1.0,3.0,47.0,12.0,3.0,9.0,41.0,92,42,1,,0.00,1,1,jing3te6,,,,,0
33,4t5976lj,,1,63,63,terminate,Results,2021-01-13 12:26:20.474002+00:00,1,,,10.00,33,1,4,16,9,Chrome Test,,6.0,3.0,27.0,23.0,9.0,6.0,18.0,32.0,11.0,8.0,24.0,26.0,54,76,0,,0.00,1,1,jing3te6,,,,,0
34,b0oq8d29,,1,63,63,terminate,Results,2021-01-13 12:26:20.496044+00:00,1,,,10.00,34,1,2,16,9,Chrome Test,,9.0,6.0,54.0,-4.0,11.0,8.0,24.0,26.0,12.0,9.0,27.0,23.0,30,58,0,,0.00,1,1,jing3te6,,,,,0
35,f8d81xxk,,1,63,63,terminate,Results,2021-01-13 12:26:20.518054+00:00,1,,,0.00,35,2,3,16,9,Chrome Test,,9.0,6.0,54.0,-4.0,11.0,8.0,24.0,26.0,13.0,10.0,30.0,20.0,29,87,0,,0.00,1,1,jing3te6,,,,,0
36,llz6ai0f,,1,63,63,terminate,Results,2021-01-13 12:26:20.541650+00:00,1,,,10.00,36,2,2,16,9,Chrome Test,,12.0,3.0,27.0,23.0,13.0,4.0,12.0,38.0,16.0,7.0,21.0,29.0,60,39,1,,0.00,1,1,jing3te6,,,,,0
37,k6ldupgo,,1,63,63,terminate,Results,2021-01-13 12:26:20.564665+00:00,1,,,0.00,37,2,4,16,9,Chrome Test,,11.0,8.0,72.0,-22.0,14.0,11.0,33.0,17.0,17.0,14.0,42.0,8.0,2,38,0,,0.00,1,1,jing3te6,,,,,0
38,yhk26a8j,,1,63,63,terminate,Results,2021-01-13 12:26:20.587027+00:00,1,,,10.00,38,2,4,16,9,Chrome Test,,6.0,3.0,27.0,23.0,9.0,6.0,18.0,32.0,11.0,8.0,24.0,26.0,54,24,1,1,10.00,1,1,jing3te6,,,,,0
39,pnpvewod,,1,63,63,terminate,Results,2021-01-13 12:26:20.609233+00:00,1,,,10.00,39,1,2,16,9,Chrome Test,,12.0,3.0,27.0,23.0,14.0,5.0,15.0,35.0,15.0,6.0,18.0,32.0,60,0,1,,0.00,1,1,jing3te6,,,,,0
40,cwsit9fl,,1,63,63,terminate,Results,2021-01-13 12:26:20.633205+00:00,1,,,0.00,40,2,1,16,9,Chrome Test,,10.0,7.0,63.0,-13.0,11.0,8.0,24.0,26.0,12.0,9.0,27.0,23.0,24,42,0,,0.00,1,1,jing3te6,,,,,0
41,x2pz5m8r,,1,63,63,terminate,Results,2021-01-13 12:26:20.656176+00:00,1,,,0.00,41,1,1,16,9,Chrome Test,,12.0,9.0,81.0,-31.0,13.0,10.0,30.0,20.0,16.0,13.0,39.0,11.0,0,65,0,,0.00,1,1,jing3te6,,,,,0
42,pxfe3nnv,,1,63,63,terminate,Results,2021-01-13 12:26:20.678782+00:00,1,,,0.00,42,1,4,16,9,Chrome Test,,9.0,0.0,0.0,50.0,11.0,2.0,6.0,44.0,12.0,3.0,9.0,41.0,90,7,1,,0.00,1,1,jing3te6,,,,,0
43,rwi3o2hs,,1,63,63,terminate,Results,2021-01-13 12:26:20.701046+00:00,1,,,10.00,43,2,4,16,9,Chrome Test,,7.0,-2.0,6.0,44.0,10.0,1.0,3.0,47.0,11.0,2.0,6.0,44.0,90,13,1,,0.00,1,1,jing3te6,,,,,0
44,my6jhmqh,,1,63,63,terminate,Results,2021-01-13 12:26:20.723158+00:00,1,,,0.00,44,1,4,16,9,Chrome Test,,13.0,10.0,90.0,-40.0,14.0,11.0,33.0,17.0,17.0,14.0,42.0,8.0,0,63,0,1,0.00,1,1,jing3te6,,,,,0
45,kumis196,,1,63,63,terminate,Results,2021-01-13 12:26:20.746873+00:00,1,,,10.00,45,2,2,16,9,Chrome Test,,10.0,1.0,9.0,41.0,13.0,4.0,12.0,38.0,15.0,6.0,18.0,32.0,74,26,1,,0.00,1,1,jing3te6,,,,,0
46,1mi4ly9v,,1,63,63,terminate,Results,2021-01-13 12:26:20.769411+00:00,1,,,0.00,46,2,4,16,9,Chrome Test,,12.0,9.0,81.0,-31.0,14.0,11.0,33.0,17.0,17.0,14.0,42.0,8.0,0,97,0,1,0.00,1,1,jing3te6,,,,,0
47,wy7pym1j,,1,63,63,terminate,Results,2021-01-13 12:26:20.791815+00:00,1,,,0.00,47,1,2,16,9,Chrome Test,,14.0,11.0,99.0,-49.0,15.0,12.0,36.0,14.0,18.0,15.0,45.0,5.0,0,65,0,,0.00,1,1,jing3te6,,,,,0
48,raha2v1v,,1,63,63,terminate,Results,2021-01-13 12:26:20.814555+00:00,1,,,10.00,48,2,2,16,9,Chrome Test,,14.0,11.0,99.0,-49.0,15.0,12.0,36.0,14.0,18.0,15.0,45.0,5.0,0,82,0,,0.00,1,1,jing3te6,,,,,0
49,dgd5hqdz,,1,63,63,terminate,Results,2021-01-13 12:26:20.837913+00:00,1,,,0.00,49,1,1,16,9,Chrome Test,,7.0,4.0,36.0,14.0,9.0,6.0,18.0,32.0,10.0,7.0,21.0,29.0,50,90,0,1,0.00,1,1,jing3te6,,,,,0
50,wywz853l,,1,63,63,terminate,Results,2021-01-13 12:26:20.860725+00:00,1,,,0.00,50,1,2,16,9,Chrome Test,,14.0,5.0,45.0,5.0,15.0,6.0,18.0,32.0,16.0,7.0,21.0,29.0,44,70,0,1,0.00,1,1,jing3te6,,,,,0
51,622jlor1,,1,63,63,terminate,Results,2021-01-13 12:26:20.884075+00:00,1,,,10.00,51,2,4,16,9,Chrome Test,,12.0,9.0,81.0,-31.0,14.0,11.0,33.0,17.0,17.0,14.0,42.0,8.0,0,40,0,,0.00,1,1,jing3te6,,,,,0
52,ty5aekf7,,1,63,63,terminate,Results,2021-01-13 12:26:20.906576+00:00,1,,,0.00,52,2,3,16,9,Chrome Test,,14.0,5.0,45.0,5.0,16.0,7.0,21.0,29.0,18.0,9.0,27.0,23.0,38,72,0,,0.00,1,1,jing3te6,,,,,0
53,lej7bq7p,,1,63,63,terminate,Results,2021-01-13 12:26:20.929338+00:00,1,,,10.00,53,2,4,16,9,Chrome Test,,11.0,2.0,18.0,32.0,12.0,3.0,9.0,41.0,14.0,5.0,15.0,35.0,72,10,1,1,10.00,1,1,jing3te6,,,,,0
54,an0k2cth,,1,63,63,terminate,Results,2021-01-13 12:26:20.952685+00:00,1,,,0.00,54,2,1,16,9,Chrome Test,,11.0,8.0,72.0,-22.0,13.0,10.0,30.0,20.0,16.0,13.0,39.0,11.0,6,64,0,1,0.00,1,1,jing3te6,,,,,0
55,eecl5fo5,,1,63,63,terminate,Results,2021-01-13 12:26:20.975134+00:00,1,,,0.00,55,1,2,16,9,Chrome Test,,6.0,-3.0,9.0,41.0,8.0,-1.0,3.0,47.0,10.0,1.0,3.0,47.0,90,0,1,,0.00,1,1,jing3te6,,,,,0
56,kav21s5l,,1,63,63,terminate,Results,2021-01-13 12:26:20.997645+00:00,1,,,0.00,56,1,1,16,9,Chrome Test,,6.0,-3.0,9.0,41.0,8.0,-1.0,3.0,47.0,11.0,2.0,6.0,44.0,88,91,0,,0.00,1,1,jing3te6,,,,,0
57,snbe7yvf,,1,63,63,terminate,Results,2021-01-13 12:26:21.034962+00:00,1,,,10.00,57,2,3,16,9,Chrome Test,,6.0,-3.0,9.0,41.0,9.0,0.0,0.0,50.0,10.0,1.0,3.0,47.0,92,88,1,,0.00,1,1,jing3te6,,,,,0
58,f06wd559,,1,63,63,terminate,Results,2021-01-13 12:26:21.058251+00:00,1,,,10.00,58,1,4,16,9,Chrome Test,,9.0,6.0,54.0,-4.0,12.0,9.0,27.0,23.0,13.0,10.0,30.0,20.0,26,88,0,,0.00,1,1,jing3te6,,,,,0
59,h16e4whn,,1,63,63,terminate,Results,2021-01-13 12:26:21.082004+00:00,1,,,10.00,59,2,2,16,9,Chrome Test,,9.0,0.0,0.0,50.0,11.0,2.0,6.0,44.0,13.0,4.0,12.0,38.0,88,65,1,,0.00,1,1,jing3te6,,,,,0
60,9wgjgi65,,1,63,63,terminate,Results,2021-01-13 12:26:21.104334+00:00,1,,,10.00,60,2,2,16,9,Chrome Test,,7.0,-2.0,6.0,44.0,10.0,1.0,3.0,47.0,12.0,3.0,9.0,41.0,88,94,0,,0.00,1,1,jing3te6,,,,,0
61,6ltsxd9l,,1,63,63,terminate,Results,2021-01-13 12:26:21.127262+00:00,1,,,10.00,61,2,3,16,9,Chrome Test,,13.0,10.0,90.0,-40.0,15.0,12.0,36.0,14.0,18.0,15.0,45.0,5.0,0,54,0,,0.00,1,1,jing3te6,,,,,0
62,46q71l7q,,1,63,63,terminate,Results,2021-01-13 12:26:21.151026+00:00,1,,,0.00,62,1,2,16,9,Chrome Test,,11.0,8.0,72.0,-22.0,12.0,9.0,27.0,23.0,14.0,11.0,33.0,17.0,12,42,0,1,0.00,1,1,jing3te6,,,,,0
63,ix12p3zu,,1,63,63,terminate,Results,2021-01-13 12:26:21.173691+00:00,1,,,10.00,63,2,2,16,9,Chrome Test,,10.0,7.0,63.0,-13.0,13.0,10.0,30.0,20.0,15.0,12.0,36.0,14.0,15,0,1,,0.00,1,1,jing3te6,,,,,0
64,bq2gqx72,,1,63,63,terminate,Results,2021-01-13 12:26:21.196047+00:00,1,,,10.00,64,1,4,16,9,Chrome Test,,10.0,1.0,9.0,41.0,13.0,4.0,12.0,38.0,16.0,7.0,21.0,29.0,72,87,0,,0.00,1,1,jing3te6,,,,,0
65,aanjshkd,,1,63,63,terminate,Results,2021-01-13 12:26:21.218488+00:00,1,,,0.00,65,1,4,16,9,Chrome Test,,7.0,4.0,36.0,14.0,8.0,5.0,15.0,35.0,10.0,7.0,21.0,29.0,52,83,0,1,0.00,1,1,jing3te6,,,,,0
66,ac7l0tak,,1,63,63,terminate,Results,2021-01-13 12:26:21.241445+00:00,1,,,10.00,66,1,2,16,9,Chrome Test,,10.0,7.0,63.0,-13.0,11.0,8.0,24.0,26.0,13.0,10.0,30.0,20.0,22,2,1,1,10.00,1,1,jing3te6,,,,,0
67,2x0zpzbe,,1,63,63,terminate,Results,2021-01-13 12:26:21.266599+00:00,1,,,0.00,67,2,1,16,9,Chrome Test,,10.0,7.0,63.0,-13.0,11.0,8.0,24.0,26.0,13.0,10.0,30.0,20.0,22,52,0,1,0.00,1,1,jing3te6,,,,,0
68,81t2d9gb,,1,63,63,terminate,Results,2021-01-13 12:26:21.294164+00:00,1,,,10.00,68,2,4,16,9,Chrome Test,,11.0,2.0,18.0,32.0,13.0,4.0,12.0,38.0,14.0,5.0,15.0,35.0,70,54,1,,0.00,1,1,jing3te6,,,,,0
69,in3uvxq9,,1,63,63,terminate,Results,2021-01-13 12:26:21.318922+00:00,1,,,10.00,69,1,1,16,9,Chrome Test,,12.0,9.0,81.0,-31.0,15.0,12.0,36.0,14.0,16.0,13.0,39.0,11.0,0,29,0,,0.00,1,1,jing3te6,,,,,0
70,s2s9epif,,1,63,63,terminate,Results,2021-01-13 12:26:21.345019+00:00,1,,,10.00,70,1,2,16,9,Chrome Test,,6.0,-3.0,9.0,41.0,8.0,-1.0,3.0,47.0,9.0,0.0,0.0,50.0,92,87,1,,0.00,1,1,jing3te6,,,,,0
71,5jzuq4n4,,1,63,63,terminate,Results,2021-01-13 12:26:21.370289+00:00,1,,,0.00,71,2,1,16,9,Chrome Test,,12.0,9.0,81.0,-31.0,15.0,12.0,36.0,14.0,16.0,13.0,39.0,11.0,0,72,0,1,0.00,1,1,jing3te6,,,,,0
72,sa7g8m0j,,1,63,63,terminate,Results,2021-01-13 12:26:21.392999+00:00,1,,,0.00,72,2,2,16,9,Chrome Test,,12.0,3.0,27.0,23.0,15.0,6.0,18.0,32.0,18.0,9.0,27.0,23.0,52,76,0,,0.00,1,1,jing3te6,,,,,0
73,uuuf1pok,,1,63,63,terminate,Results,2021-01-13 12:26:21.415712+00:00,1,,,10.00,73,2,4,16,9,Chrome Test,,8.0,5.0,45.0,5.0,9.0,6.0,18.0,32.0,11.0,8.0,24.0,26.0,42,59,0,,0.00,1,1,jing3te6,,,,,0
74,9dbsx05w,,1,63,63,terminate,Results,2021-01-13 12:26:21.438773+00:00,1,,,10.00,74,2,1,16,9,Chrome Test,,11.0,8.0,72.0,-22.0,14.0,11.0,33.0,17.0,15.0,12.0,36.0,14.0,6,74,0,,0.00,1,1,jing3te6,,,,,0
75,zankg438,,1,63,63,terminate,Results,2021-01-13 12:26:21.461747+00:00,1,,,10.00,75,2,2,16,9,Chrome Test,,9.0,6.0,54.0,-4.0,12.0,9.0,27.0,23.0,15.0,12.0,36.0,14.0,22,59,0,,0.00,1,1,jing3te6,,,,,0
76,uarzxzka,,1,63,63,terminate,Results,2021-01-13 12:26:21.549059+00:00,1,,,10.00,76,2,1,16,9,Chrome Test,,12.0,3.0,27.0,23.0,14.0,5.0,15.0,35.0,16.0,7.0,21.0,29.0,58,52,1,1,10.00,1,1,jing3te6,,,,,0
77,ocpa1nmp,,1,63,63,terminate,Results,2021-01-13 12:26:21.575282+00:00,1,,,10.00,77,2,1,16,9,Chrome Test,,6.0,3.0,27.0,23.0,9.0,6.0,18.0,32.0,11.0,8.0,24.0,26.0,54,88,0,,0.00,1,1,jing3te6,,,,,0
78,hslbx5wa,,1,63,63,terminate,Results,2021-01-13 12:26:21.598556+00:00,1,,,10.00,78,1,3,16,9,Chrome Test,,13.0,4.0,36.0,14.0,15.0,6.0,18.0,32.0,17.0,8.0,24.0,26.0,48,41,1,,0.00,1,1,jing3te6,,,,,0
79,4veegvra,,1,63,63,terminate,Results,2021-01-13 12:26:21.621708+00:00,1,,,10.00,79,2,4,16,9,Chrome Test,,6.0,-3.0,9.0,41.0,9.0,0.0,0.0,50.0,10.0,1.0,3.0,47.0,92,62,1,,0.00,1,1,jing3te6,,,,,0
80,pmx7il7g,,1,63,63,terminate,Results,2021-01-13 12:26:21.646086+00:00,1,,,10.00,80,1,4,16,9,Chrome Test,,10.0,1.0,9.0,41.0,13.0,4.0,12.0,38.0,14.0,5.0,15.0,35.0,76,59,1,,0.00,1,1,jing3te6,,,,,0
81,5g8yc8df,,1,63,63,terminate,Results,2021-01-13 12:26:21.679429+00:00,1,,,10.00,81,1,4,16,9,Chrome Test,,10.0,1.0,9.0,41.0,12.0,3.0,9.0,41.0,15.0,6.0,18.0,32.0,76,9,1,,0.00,1,1,jing3te6,,,,,0
82,8o8p9rq3,,1,63,63,terminate,Results,2021-01-13 12:26:21.705294+00:00,1,,,10.00,82,2,3,16,9,Chrome Test,,8.0,-1.0,3.0,47.0,11.0,2.0,6.0,44.0,13.0,4.0,12.0,38.0,86,55,1,,0.00,1,1,jing3te6,,,,,0
83,orjd3ku6,,1,63,63,terminate,Results,2021-01-13 12:26:21.730098+00:00,1,,,0.00,83,1,2,16,9,Chrome Test,,12.0,3.0,27.0,23.0,14.0,5.0,15.0,35.0,16.0,7.0,21.0,29.0,58,8,1,,0.00,1,1,jing3te6,,,,,0
84,zw0qh195,,1,63,63,terminate,Results,2021-01-13 12:26:21.754995+00:00,1,,,0.00,84,2,4,16,9,Chrome Test,,10.0,7.0,63.0,-13.0,11.0,8.0,24.0,26.0,13.0,10.0,30.0,20.0,22,98,0,,0.00,1,1,jing3te6,,,,,0
85,50sfg9uk,,1,63,63,terminate,Results,2021-01-13 12:26:21.778825+00:00,1,,,10.00,85,2,2,16,9,Chrome Test,,8.0,-1.0,3.0,47.0,9.0,0.0,0.0,50.0,12.0,3.0,9.0,41.0,92,51,1,1,10.00,1,1,jing3te6,,,,,0
86,d7ilkbqe,,1,63,63,terminate,Results,2021-01-13 12:26:21.801555+00:00,1,,,0.00,86,1,3,16,9,Chrome Test,,13.0,10.0,90.0,-40.0,14.0,11.0,33.0,17.0,15.0,12.0,36.0,14.0,0,43,0,,0.00,1,1,jing3te6,,,,,0
87,c1fc39a7,,1,63,63,terminate,Results,2021-01-13 12:26:21.824348+00:00,1,,,10.00,87,1,2,16,9,Chrome Test,,14.0,11.0,99.0,-49.0,16.0,13.0,39.0,11.0,19.0,16.0,48.0,2.0,0,52,0,,0.00,1,1,jing3te6,,,,,0
88,lsnrunmm,,1,63,63,terminate,Results,2021-01-13 12:26:21.850018+00:00,1,,,0.00,88,2,3,16,9,Chrome Test,,9.0,0.0,0.0,50.0,12.0,3.0,9.0,41.0,13.0,4.0,12.0,38.0,86,87,0,1,0.00,1,1,jing3te6,,,,,0
89,enlrudz8,,1,63,63,terminate,Results,2021-01-13 12:26:21.873766+00:00,1,,,0.00,89,2,3,16,9,Chrome Test,,12.0,3.0,27.0,23.0,14.0,5.0,15.0,35.0,15.0,6.0,18.0,32.0,60,65,0,,0.00,1,1,jing3te6,,,,,0
90,j6u3cxgk,,1,63,63,terminate,Results,2021-01-13 12:26:21.896361+00:00,1,,,10.00,90,1,1,16,9,Chrome Test,,6.0,3.0,27.0,23.0,9.0,6.0,18.0,32.0,11.0,8.0,24.0,26.0,54,74,0,,0.00,1,1,jing3te6,,,,,0
91,x68x5pou,,1,63,63,terminate,Results,2021-01-13 12:26:21.919227+00:00,1,,,0.00,91,2,2,16,9,Chrome Test,,13.0,10.0,90.0,-40.0,14.0,11.0,33.0,17.0,16.0,13.0,39.0,11.0,0,59,0,1,0.00,1,1,jing3te6,,,,,0
92,roo60qq5,,1,63,63,terminate,Results,2021-01-13 12:26:21.941839+00:00,1,,,0.00,92,2,3,16,9,Chrome Test,,9.0,6.0,54.0,-4.0,12.0,9.0,27.0,23.0,15.0,12.0,36.0,14.0,22,1,1,,0.00,1,1,jing3te6,,,,,0
93,pmg8nu3u,,1,63,63,terminate,Results,2021-01-13 12:26:21.965356+00:00,1,,,0.00,93,2,1,16,9,Chrome Test,,7.0,4.0,36.0,14.0,10.0,7.0,21.0,29.0,13.0,10.0,30.0,20.0,42,85,0,1,0.00,1,1,jing3te6,,,,,0
94,2rinlaq2,,1,63,63,terminate,Results,2021-01-13 12:26:21.988002+00:00,1,,,0.00,94,2,1,16,9,Chrome Test,,15.0,6.0,54.0,-4.0,16.0,7.0,21.0,29.0,17.0,8.0,24.0,26.0,34,26,1,,0.00,1,1,jing3te6,,,,,0
95,ibseh6jj,,1,63,63,terminate,Results,2021-01-13 12:26:22.010896+00:00,1,,,0.00,95,2,4,16,9,Chrome Test,,14.0,11.0,99.0,-49.0,15.0,12.0,36.0,14.0,16.0,13.0,39.0,11.0,0,48,0,,0.00,1,1,jing3te6,,,,,0
96,kvl2vrw3,,1,63,63,terminate,Results,2021-01-13 12:26:22.033943+00:00,1,,,10.00,96,2,1,16,9,Chrome Test,,9.0,0.0,0.0,50.0,10.0,1.0,3.0,47.0,13.0,4.0,12.0,38.0,90,56,1,,0.00,1,1,jing3te6,,,,,0
97,ha71dwed,,1,63,63,terminate,Results,2021-01-13 12:26:22.057739+00:00,1,,,10.00,97,2,2,16,9,Chrome Test,,9.0,0.0,0.0,50.0,11.0,2.0,6.0,44.0,13.0,4.0,12.0,38.0,88,10,1,1,10.00,1,1,jing3te6,,,,,0
98,uiqvc7oj,,1,63,63,terminate,Results,2021-01-13 12:26:22.081611+00:00,1,,,10.00,98,2,3,16,9,Chrome Test,,6.0,3.0,27.0,23.0,8.0,5.0,15.0,35.0,10.0,7.0,21.0,29.0,58,41,1,1,10.00,1,1,jing3te6,,,,,0
99,37pmnwoz,,1,63,63,terminate,Results,2021-01-13 12:26:22.104423+00:00,1,,,0.00,99,2,1,16,9,Chrome Test,,7.0,4.0,36.0,14.0,9.0,6.0,18.0,32.0,12.0,9.0,27.0,23.0,46,82,0,,0.00,1,1,jing3te6,,,,,0
100,43xko5e2,,1,63,63,terminate,Results,2021-01-13 12:26:22.127643+00:00,1,,,10.00,100,2,1,16,9,Chrome Test,,15.0,12.0,108.0,-58.0,16.0,13.0,39.0,11.0,18.0,15.0,45.0,5.0,0,16,0,,0.00,1,1,jing3te6,,,,,0
101,bt24rbbe,,1,63,63,terminate,Results,2021-01-13 12:26:22.151261+00:00,1,,,0.00,101,2,4,16,9,Chrome Test,,13.0,4.0,36.0,14.0,15.0,6.0,18.0,32.0,17.0,8.0,24.0,26.0,48,43,1,,0.00,1,1,jing3te6,,,,,0
102,7pc4z5sh,,1,63,63,terminate,Results,2021-01-13 12:26:22.173998+00:00,1,,,0.00,102,2,3,16,9,Chrome Test,,11.0,2.0,18.0,32.0,13.0,4.0,12.0,38.0,14.0,5.0,15.0,35.0,70,30,1,,0.00,1,1,jing3te6,,,,,0
103,4o7va685,,1,63,63,terminate,Results,2021-01-13 12:26:22.197152+00:00,1,,,10.00,103,1,3,16,9,Chrome Test,,11.0,2.0,18.0,32.0,14.0,5.0,15.0,35.0,16.0,7.0,21.0,29.0,64,90,0,,0.00,1,1,jing3te6,,,,,0
104,6xal17zs,,1,63,63,terminate,Results,2021-01-13 12:26:22.219327+00:00,1,,,0.00,104,2,3,16,9,Chrome Test,,14.0,5.0,45.0,5.0,15.0,6.0,18.0,32.0,17.0,8.0,24.0,26.0,42,66,0,1,0.00,1,1,jing3te6,,,,,0
105,k1781u94,,1,63,63,terminate,Results,2021-01-13 12:26:22.242613+00:00,1,,,10.00,105,2,2,16,9,Chrome Test,,11.0,8.0,72.0,-22.0,12.0,9.0,27.0,23.0,15.0,12.0,36.0,14.0,10,65,0,,0.00,1,1,jing3te6,,,,,0
106,bwul9i8d,,1,63,63,terminate,Results,2021-01-13 12:26:22.266151+00:00,1,,,10.00,106,1,3,16,9,Chrome Test,,7.0,-2.0,6.0,44.0,9.0,0.0,0.0,50.0,10.0,1.0,3.0,47.0,94,36,1,,0.00,1,1,jing3te6,,,,,0
107,k3fr2thm,,1,63,63,terminate,Results,2021-01-13 12:26:22.288375+00:00,1,,,10.00,107,1,2,16,9,Chrome Test,,12.0,3.0,27.0,23.0,15.0,6.0,18.0,32.0,17.0,8.0,24.0,26.0,54,43,1,,0.00,1,1,jing3te6,,,,,0
108,fuzqd8rq,,1,63,63,terminate,Results,2021-01-13 12:26:22.311516+00:00,1,,,0.00,108,1,4,16,9,Chrome Test,,7.0,4.0,36.0,14.0,9.0,6.0,18.0,32.0,10.0,7.0,21.0,29.0,50,58,0,1,0.00,1,1,jing3te6,,,,,0
109,lgcyr30s,,1,63,63,terminate,Results,2021-01-13 12:26:22.334927+00:00,1,,,0.00,109,1,1,16,9,Chrome Test,,8.0,5.0,45.0,5.0,9.0,6.0,18.0,32.0,10.0,7.0,21.0,29.0,44,48,0,,0.00,1,1,jing3te6,,,,,0
110,led96iq9,,1,63,63,terminate,Results,2021-01-13 12:26:22.357716+00:00,1,,,10.00,110,2,4,16,9,Chrome Test,,7.0,-2.0,6.0,44.0,8.0,-1.0,3.0,47.0,11.0,2.0,6.0,44.0,90,11,1,,0.00,1,1,jing3te6,,,,,0
111,zvm0urd2,,1,63,63,terminate,Results,2021-01-13 12:26:22.380660+00:00,1,,,10.00,111,1,3,16,9,Chrome Test,,14.0,11.0,99.0,-49.0,16.0,13.0,39.0,11.0,17.0,14.0,42.0,8.0,0,62,0,,0.00,1,1,jing3te6,,,,,0
112,y1o4iain,,1,63,63,terminate,Results,2021-01-13 12:26:22.402915+00:00,1,,,0.00,112,2,4,16,9,Chrome Test,,5.0,-4.0,12.0,38.0,8.0,-1.0,3.0,47.0,11.0,2.0,6.0,44.0,86,21,1,,0.00,1,1,jing3te6,,,,,0
113,x4c32yhi,,1,63,63,terminate,Results,2021-01-13 12:26:22.426612+00:00,1,,,0.00,113,1,4,16,9,Chrome Test,,12.0,9.0,81.0,-31.0,15.0,12.0,36.0,14.0,16.0,13.0,39.0,11.0,0,60,0,,0.00,1,1,jing3te6,,,,,0
114,nba58yim,,1,63,63,terminate,Results,2021-01-13 12:26:22.450071+00:00,1,,,0.00,114,2,3,16,9,Chrome Test,,12.0,3.0,27.0,23.0,15.0,6.0,18.0,32.0,18.0,9.0,27.0,23.0,52,67,0,,0.00,1,1,jing3te6,,,,,0
115,4gj4hdlq,,1,63,63,terminate,Results,2021-01-13 12:26:22.472687+00:00,1,,,10.00,115,2,4,16,9,Chrome Test,,12.0,3.0,27.0,23.0,14.0,5.0,15.0,35.0,16.0,7.0,21.0,29.0,58,53,1,1,10.00,1,1,jing3te6,,,,,0
116,a5q1jzhb,,1,63,63,terminate,Results,2021-01-13 12:26:22.495212+00:00,1,,,10.00,116,1,2,16,9,Chrome Test,,7.0,4.0,36.0,14.0,10.0,7.0,21.0,29.0,13.0,10.0,30.0,20.0,42,3,1,1,10.00,1,1,jing3te6,,,,,0
117,e4zd3cyb,,1,63,63,terminate,Results,2021-01-13 12:26:22.518248+00:00,1,,,10.00,117,2,3,16,9,Chrome Test,,5.0,2.0,18.0,32.0,8.0,5.0,15.0,35.0,9.0,6.0,18.0,32.0,66,45,1,1,10.00,1,1,jing3te6,,,,,0
118,u8cvkzo1,,1,63,63,terminate,Results,2021-01-13 12:26:22.541384+00:00,1,,,0.00,118,2,3,16,9,Chrome Test,,15.0,6.0,54.0,-4.0,16.0,7.0,21.0,29.0,18.0,9.0,27.0,23.0,32,38,0,,0.00,1,1,jing3te6,,,,,0
119,of8vlse3,,1,63,63,terminate,Results,2021-01-13 12:26:22.565167+00:00,1,,,10.00,119,2,3,16,9,Chrome Test,,6.0,-3.0,9.0,41.0,8.0,-1.0,3.0,47.0,9.0,0.0,0.0,50.0,92,68,1,,0.00,1,1,jing3te6,,,,,0
120,8qtoxlk9,,1,63,63,terminate,Results,2021-01-13 12:26:22.589249+00:00,1,,,0.00,120,1,1,16,9,Chrome Test,,8.0,5.0,45.0,5.0,9.0,6.0,18.0,32.0,12.0,9.0,27.0,23.0,40,43,0,1,0.00,1,1,jing3te6,,,,,0
121,ffxcflq7,,1,63,63,terminate,Results,2021-01-13 12:26:22.611299+00:00,1,,,10.00,121,1,1,16,9,Chrome Test,,10.0,1.0,9.0,41.0,11.0,2.0,6.0,44.0,12.0,3.0,9.0,41.0,84,15,1,1,10.00,1,1,jing3te6,,,,,0
122,oan4vqwr,,1,63,63,terminate,Results,2021-01-13 12:26:22.633980+00:00,1,,,0.00,122,2,3,16,9,Chrome Test,,13.0,10.0,90.0,-40.0,14.0,11.0,33.0,17.0,17.0,14.0,42.0,8.0,0,23,0,,0.00,1,1,jing3te6,,,,,0
123,x3ju1nc4,,1,63,63,terminate,Results,2021-01-13 12:26:22.657604+00:00,1,,,0.00,123,2,2,16,9,Chrome Test,,8.0,5.0,45.0,5.0,11.0,8.0,24.0,26.0,13.0,10.0,30.0,20.0,34,51,0,1,0.00,1,1,jing3te6,,,,,0
124,f8q15d01,,1,63,63,terminate,Results,2021-01-13 12:26:22.760662+00:00,1,,,0.00,124,1,2,16,9,Chrome Test,,7.0,-2.0,6.0,44.0,9.0,0.0,0.0,50.0,10.0,1.0,3.0,47.0,94,45,1,,0.00,1,1,jing3te6,,,,,0
125,660drri1,,1,63,63,terminate,Results,2021-01-13 12:26:22.786919+00:00,1,,,10.00,125,1,1,16,9,Chrome Test,,10.0,7.0,63.0,-13.0,13.0,10.0,30.0,20.0,14.0,11.0,33.0,17.0,16,99,0,,0.00,1,1,jing3te6,,,,,0
126,fxoaq7d9,,1,63,63,terminate,Results,2021-01-13 12:26:22.813521+00:00,1,,,10.00,126,1,2,16,9,Chrome Test,,10.0,7.0,63.0,-13.0,12.0,9.0,27.0,23.0,13.0,10.0,30.0,20.0,20,81,0,,0.00,1,1,jing3te6,,,,,0
127,9i1j8dvc,,1,63,63,terminate,Results,2021-01-13 12:26:22.836831+00:00,1,,,10.00,127,2,1,16,9,Chrome Test,,14.0,5.0,45.0,5.0,16.0,7.0,21.0,29.0,19.0,10.0,30.0,20.0,36,31,1,1,10.00,1,1,jing3te6,,,,,0
128,7wpijf0x,,1,63,63,terminate,Results,2021-01-13 12:26:22.860070+00:00,1,,,10.00,128,1,3,16,9,Chrome Test,,11.0,8.0,72.0,-22.0,14.0,11.0,33.0,17.0,16.0,13.0,39.0,11.0,4,3,1,1,10.00,1,1,jing3te6,,,,,0
129,q0pi5iv0,,1,63,63,terminate,Results,2021-01-13 12:26:22.882804+00:00,1,,,10.00,129,2,4,16,9,Chrome Test,,10.0,1.0,9.0,41.0,13.0,4.0,12.0,38.0,15.0,6.0,18.0,32.0,74,59,1,1,10.00,1,1,jing3te6,,,,,0
130,wcea222s,,1,63,63,terminate,Results,2021-01-13 12:26:22.905553+00:00,1,,,10.00,130,2,1,16,9,Chrome Test,,10.0,7.0,63.0,-13.0,11.0,8.0,24.0,26.0,13.0,10.0,30.0,20.0,22,48,0,,0.00,1,1,jing3te6,,,,,0
131,ccob1hy4,,1,63,63,terminate,Results,2021-01-13 12:26:22.928155+00:00,1,,,0.00,131,1,3,16,9,Chrome Test,,8.0,-1.0,3.0,47.0,11.0,2.0,6.0,44.0,12.0,3.0,9.0,41.0,88,59,1,,0.00,1,1,jing3te6,,,,,0
132,684uh579,,1,63,63,terminate,Results,2021-01-13 12:26:22.951865+00:00,1,,,0.00,132,1,1,16,9,Chrome Test,,10.0,1.0,9.0,41.0,12.0,3.0,9.0,41.0,15.0,6.0,18.0,32.0,76,97,0,,0.00,1,1,jing3te6,,,,,0
133,h0q0ah09,,1,63,63,terminate,Results,2021-01-13 12:26:22.975058+00:00,1,,,0.00,133,2,4,16,9,Chrome Test,,10.0,1.0,9.0,41.0,13.0,4.0,12.0,38.0,15.0,6.0,18.0,32.0,74,71,1,,0.00,1,1,jing3te6,,,,,0
134,glsb5fwy,,1,63,63,terminate,Results,2021-01-13 12:26:22.998179+00:00,1,,,10.00,134,1,3,16,9,Chrome Test,,13.0,10.0,90.0,-40.0,15.0,12.0,36.0,14.0,16.0,13.0,39.0,11.0,0,26,0,,0.00,1,1,jing3te6,,,,,0
135,tfnq1alu,,1,63,63,terminate,Results,2021-01-13 12:26:23.020727+00:00,1,,,10.00,135,1,4,16,9,Chrome Test,,7.0,4.0,36.0,14.0,9.0,6.0,18.0,32.0,10.0,7.0,21.0,29.0,50,47,1,,0.00,1,1,jing3te6,,,,,0
136,nbrzlj15,,1,63,63,terminate,Results,2021-01-13 12:26:23.043823+00:00,1,,,10.00,136,2,3,16,9,Chrome Test,,7.0,-2.0,6.0,44.0,8.0,-1.0,3.0,47.0,11.0,2.0,6.0,44.0,90,99,0,,0.00,1,1,jing3te6,,,,,0
137,1wsscbyf,,1,63,63,terminate,Results,2021-01-13 12:26:23.067284+00:00,1,,,10.00,137,1,3,16,9,Chrome Test,,10.0,1.0,9.0,41.0,13.0,4.0,12.0,38.0,14.0,5.0,15.0,35.0,76,32,1,1,10.00,1,1,jing3te6,,,,,0
138,4nl7y0ug,,1,63,63,terminate,Results,2021-01-13 12:26:23.089884+00:00,1,,,10.00,138,2,2,16,9,Chrome Test,,6.0,-3.0,9.0,41.0,9.0,0.0,0.0,50.0,11.0,2.0,6.0,44.0,90,26,1,,0.00,1,1,jing3te6,,,,,0
139,rwzz3hr5,,1,63,63,terminate,Results,2021-01-13 12:26:23.112432+00:00,1,,,10.00,139,1,4,16,9,Chrome Test,,13.0,4.0,36.0,14.0,14.0,5.0,15.0,35.0,17.0,8.0,24.0,26.0,50,20,1,,0.00,1,1,jing3te6,,,,,0
140,emptyv7t,,1,63,63,terminate,Results,2021-01-13 12:26:23.135128+00:00,1,,,10.00,140,2,1,16,9,Chrome Test,,11.0,2.0,18.0,32.0,12.0,3.0,9.0,41.0,15.0,6.0,18.0,32.0,70,4,1,1,10.00,1,1,jing3te6,,,,,0
141,npbmsmc0,,1,63,63,terminate,Results,2021-01-13 12:26:23.158039+00:00,1,,,10.00,141,1,1,16,9,Chrome Test,,11.0,8.0,72.0,-22.0,12.0,9.0,27.0,23.0,13.0,10.0,30.0,20.0,15,53,0,,0.00,1,1,jing3te6,,,,,0
142,m2trlxdq,,1,63,63,terminate,Results,2021-01-13 12:26:23.181640+00:00,1,,,0.00,142,2,4,16,9,Chrome Test,,7.0,4.0,36.0,14.0,9.0,6.0,18.0,32.0,12.0,9.0,27.0,23.0,46,46,0,,0.00,1,1,jing3te6,,,,,0
143,3xhzqg00,,1,63,63,terminate,Results,2021-01-13 12:26:23.203841+00:00,1,,,0.00,143,1,2,16,9,Chrome Test,,8.0,-1.0,3.0,47.0,9.0,0.0,0.0,50.0,10.0,1.0,3.0,47.0,96,84,1,,0.00,1,1,jing3te6,,,,,0
144,g0628t5l,,1,63,63,terminate,Results,2021-01-13 12:26:23.226059+00:00,1,,,10.00,144,2,2,16,9,Chrome Test,,9.0,6.0,54.0,-4.0,12.0,9.0,27.0,23.0,13.0,10.0,30.0,20.0,26,10,1,,0.00,1,1,jing3te6,,,,,0
145,j2v731vo,,1,63,63,terminate,Results,2021-01-13 12:26:23.250700+00:00,1,,,10.00,145,2,2,16,9,Chrome Test,,10.0,1.0,9.0,41.0,12.0,3.0,9.0,41.0,13.0,4.0,12.0,38.0,80,68,1,,0.00,1,1,jing3te6,,,,,0
146,f3bsp1qk,,1,63,63,terminate,Results,2021-01-13 12:26:23.273452+00:00,1,,,10.00,146,2,1,16,9,Chrome Test,,14.0,11.0,99.0,-49.0,16.0,13.0,39.0,11.0,19.0,16.0,48.0,2.0,0,81,0,,0.00,1,1,jing3te6,,,,,0
147,b0jw8o1k,,1,63,63,terminate,Results,2021-01-13 12:26:23.295734+00:00,1,,,0.00,147,2,2,16,9,Chrome Test,,10.0,7.0,63.0,-13.0,13.0,10.0,30.0,20.0,16.0,13.0,39.0,11.0,12,3,1,,0.00,1,1,jing3te6,,,,,0
148,pw4yqtvw,,1,63,63,terminate,Results,2021-01-13 12:26:23.317929+00:00,1,,,10.00,148,2,2,16,9,Chrome Test,,11.0,2.0,18.0,32.0,12.0,3.0,9.0,41.0,14.0,5.0,15.0,35.0,72,76,0,,0.00,1,1,jing3te6,,,,,0
149,glroauw0,,1,63,63,terminate,Results,2021-01-13 12:26:23.340697+00:00,1,,,0.00,149,1,2,16,9,Chrome Test,,12.0,3.0,27.0,23.0,13.0,4.0,12.0,38.0,15.0,6.0,18.0,32.0,62,29,1,,0.00,1,1,jing3te6,,,,,0
150,4zarrpx8,,1,63,63,terminate,Results,2021-01-13 12:26:23.364767+00:00,1,,,0.00,150,2,1,16,9,Chrome Test,,12.0,3.0,27.0,23.0,15.0,6.0,18.0,32.0,17.0,8.0,24.0,26.0,54,39,1,,0.00,1,1,jing3te6,,,,,0
151,otc85tv7,,1,63,63,terminate,Results,2021-01-13 12:26:23.388834+00:00,1,,,0.00,151,2,3,16,9,Chrome Test,,7.0,4.0,36.0,14.0,8.0,5.0,15.0,35.0,10.0,7.0,21.0,29.0,52,93,0,,0.00,1,1,jing3te6,,,,,0
152,x0llzbuh,,1,63,63,terminate,Results,2021-01-13 12:26:23.411410+00:00,1,,,10.00,152,2,4,16,9,Chrome Test,,10.0,7.0,63.0,-13.0,12.0,9.0,27.0,23.0,13.0,10.0,30.0,20.0,20,64,0,,0.00,1,1,jing3te6,,,,,0
153,9odit6p6,,1,63,63,terminate,Results,2021-01-13 12:26:23.433962+00:00,1,,,0.00,153,2,4,16,9,Chrome Test,,7.0,4.0,36.0,14.0,9.0,6.0,18.0,32.0,12.0,9.0,27.0,23.0,46,84,0,1,0.00,1,1,jing3te6,,,,,0
154,hzf5x2y8,,1,63,63,terminate,Results,2021-01-13 12:26:23.457133+00:00,1,,,0.00,154,1,1,16,9,Chrome Test,,11.0,8.0,72.0,-22.0,12.0,9.0,27.0,23.0,15.0,12.0,36.0,14.0,10,23,0,,0.00,1,1,jing3te6,,,,,0
155,xxwjfixj,,1,63,63,terminate,Results,2021-01-13 12:26:23.480428+00:00,1,,,0.00,155,2,3,16,9,Chrome Test,,8.0,5.0,45.0,5.0,9.0,6.0,18.0,32.0,12.0,9.0,27.0,23.0,40,24,1,,0.00,1,1,jing3te6,,,,,0
156,xl2tz5nm,,1,63,63,terminate,Results,2021-01-13 12:26:23.502759+00:00,1,,,0.00,156,1,2,16,9,Chrome Test,,10.0,7.0,63.0,-13.0,12.0,9.0,27.0,23.0,15.0,12.0,36.0,14.0,16,37,0,,0.00,1,1,jing3te6,,,,,0
157,44isxt9s,,1,63,63,terminate,Results,2021-01-13 12:26:23.524795+00:00,1,,,0.00,157,1,1,16,9,Chrome Test,,6.0,-3.0,9.0,41.0,8.0,-1.0,3.0,47.0,10.0,1.0,3.0,47.0,90,98,0,1,0.00,1,1,jing3te6,,,,,0
158,ni7rohuh,,1,63,63,terminate,Results,2021-01-13 12:26:23.548082+00:00,1,,,10.00,158,1,2,16,9,Chrome Test,,7.0,-2.0,6.0,44.0,8.0,-1.0,3.0,47.0,10.0,1.0,3.0,47.0,92,87,1,,0.00,1,1,jing3te6,,,,,0
159,jeab5yw6,,1,63,63,terminate,Results,2021-01-13 12:26:23.570313+00:00,1,,,10.00,159,2,3,16,9,Chrome Test,,12.0,3.0,27.0,23.0,14.0,5.0,15.0,35.0,16.0,7.0,21.0,29.0,58,25,1,,0.00,1,1,jing3te6,,,,,0
160,lgx1kqif,,1,63,63,terminate,Results,2021-01-13 12:26:23.592489+00:00,1,,,0.00,160,2,3,16,9,Chrome Test,,11.0,8.0,72.0,-22.0,12.0,9.0,27.0,23.0,14.0,11.0,33.0,17.0,12,72,0,,0.00,1,1,jing3te6,,,,,0
161,ljeigljm,,1,63,63,terminate,Results,2021-01-13 12:26:23.614995+00:00,1,,,10.00,161,1,4,16,9,Chrome Test,,7.0,4.0,36.0,14.0,9.0,6.0,18.0,32.0,12.0,9.0,27.0,23.0,46,15,1,1,10.00,1,1,jing3te6,,,,,0
162,ebxat25t,,1,63,63,terminate,Results,2021-01-13 12:26:23.638271+00:00,1,,,0.00,162,2,4,16,9,Chrome Test,,8.0,-1.0,3.0,47.0,9.0,0.0,0.0,50.0,10.0,1.0,3.0,47.0,96,11,1,,0.00,1,1,jing3te6,,,,,0
163,f0zwwkgd,,1,63,63,terminate,Results,2021-01-13 12:26:23.662086+00:00,1,,,10.00,163,2,3,16,9,Chrome Test,,11.0,2.0,18.0,32.0,12.0,3.0,9.0,41.0,14.0,5.0,15.0,35.0,72,76,0,,0.00,1,1,jing3te6,,,,,0
164,5qemv9be,,1,63,63,terminate,Results,2021-01-13 12:26:23.685845+00:00,1,,,10.00,164,2,2,16,9,Chrome Test,,6.0,-3.0,9.0,41.0,8.0,-1.0,3.0,47.0,9.0,0.0,0.0,50.0,92,78,1,,0.00,1,1,jing3te6,,,,,0
165,n7uqc91q,,1,63,63,terminate,Results,2021-01-13 12:26:23.708719+00:00,1,,,10.00,165,2,4,16,9,Chrome Test,,11.0,8.0,72.0,-22.0,13.0,10.0,30.0,20.0,16.0,13.0,39.0,11.0,6,19,0,,0.00,1,1,jing3te6,,,,,0
166,maiqqy1i,,1,63,63,terminate,Results,2021-01-13 12:26:23.731369+00:00,1,,,0.00,166,1,3,16,9,Chrome Test,,9.0,0.0,0.0,50.0,12.0,3.0,9.0,41.0,14.0,5.0,15.0,35.0,84,44,1,,0.00,1,1,jing3te6,,,,,0
167,t5otxi2d,,1,63,63,terminate,Results,2021-01-13 12:26:23.755622+00:00,1,,,10.00,167,1,1,16,9,Chrome Test,,14.0,5.0,45.0,5.0,16.0,7.0,21.0,29.0,19.0,10.0,30.0,20.0,36,0,1,,0.00,1,1,jing3te6,,,,,0
168,17a8qdjz,,1,63,63,terminate,Results,2021-01-13 12:26:23.778090+00:00,1,,,10.00,168,1,3,16,9,Chrome Test,,10.0,1.0,9.0,41.0,11.0,2.0,6.0,44.0,14.0,5.0,15.0,35.0,80,14,1,1,10.00,1,1,jing3te6,,,,,0
169,m3gvjwt8,,1,63,63,terminate,Results,2021-01-13 12:26:23.800908+00:00,1,,,10.00,169,2,3,16,9,Chrome Test,,7.0,-2.0,6.0,44.0,9.0,0.0,0.0,50.0,11.0,2.0,6.0,44.0,92,63,1,,0.00,1,1,jing3te6,,,,,0
170,lr7eq0a2,,1,63,63,terminate,Results,2021-01-13 12:26:23.823586+00:00,1,,,0.00,170,2,1,16,9,Chrome Test,,12.0,3.0,27.0,23.0,13.0,4.0,12.0,38.0,16.0,7.0,21.0,29.0,60,73,0,,0.00,1,1,jing3te6,,,,,0
171,2cnoci1r,,1,63,63,terminate,Results,2021-01-13 12:26:23.846879+00:00,1,,,10.00,171,2,1,16,9,Chrome Test,,10.0,1.0,9.0,41.0,13.0,4.0,12.0,38.0,14.0,5.0,15.0,35.0,76,95,0,,0.00,1,1,jing3te6,,,,,0
172,xjggj51t,,1,63,63,terminate,Results,2021-01-13 12:26:23.870321+00:00,1,,,0.00,172,1,2,16,9,Chrome Test,,7.0,4.0,36.0,14.0,10.0,7.0,21.0,29.0,12.0,9.0,27.0,23.0,44,43,1,,0.00,1,1,jing3te6,,,,,0
173,lso39rvw,,1,63,63,terminate,Results,2021-01-13 12:26:23.893256+00:00,1,,,0.00,173,2,2,16,9,Chrome Test,,8.0,-1.0,3.0,47.0,10.0,1.0,3.0,47.0,11.0,2.0,6.0,44.0,92,96,0,,0.00,1,1,jing3te6,,,,,0
174,xk4tzopa,,1,63,63,terminate,Results,2021-01-13 12:26:23.916744+00:00,1,,,10.00,174,1,1,16,9,Chrome Test,,15.0,6.0,54.0,-4.0,16.0,7.0,21.0,29.0,18.0,9.0,27.0,23.0,32,63,0,,0.00,1,1,jing3te6,,,,,0
175,paw7t4a1,,1,63,63,terminate,Results,2021-01-13 12:26:23.939389+00:00,1,,,0.00,175,2,1,16,9,Chrome Test,,14.0,11.0,99.0,-49.0,15.0,12.0,36.0,14.0,16.0,13.0,39.0,11.0,0,41,0,,0.00,1,1,jing3te6,,,,,0
176,4s64wv0r,,1,63,63,terminate,Results,2021-01-13 12:26:24.064755+00:00,1,,,10.00,176,1,1,16,9,Chrome Test,,7.0,-2.0,6.0,44.0,9.0,0.0,0.0,50.0,12.0,3.0,9.0,41.0,90,24,1,,0.00,1,1,jing3te6,,,,,0
177,nh8pql98,,1,63,63,terminate,Results,2021-01-13 12:26:24.093135+00:00,1,,,0.00,177,1,2,16,9,Chrome Test,,13.0,10.0,90.0,-40.0,15.0,12.0,36.0,14.0,18.0,15.0,45.0,5.0,0,75,0,,0.00,1,1,jing3te6,,,,,0
178,hn4vqpzw,,1,63,63,terminate,Results,2021-01-13 12:26:24.118563+00:00,1,,,10.00,178,2,2,16,9,Chrome Test,,12.0,9.0,81.0,-31.0,15.0,12.0,36.0,14.0,16.0,13.0,39.0,11.0,0,23,0,,0.00,1,1,jing3te6,,,,,0
179,emc4ergw,,1,63,63,terminate,Results,2021-01-13 12:26:24.143275+00:00,1,,,10.00,179,1,2,16,9,Chrome Test,,11.0,2.0,18.0,32.0,13.0,4.0,12.0,38.0,14.0,5.0,15.0,35.0,70,54,1,,0.00,1,1,jing3te6,,,,,0
180,n18lgb63,,1,63,63,terminate,Results,2021-01-13 12:26:24.168470+00:00,1,,,10.00,180,2,4,16,9,Chrome Test,,6.0,3.0,27.0,23.0,9.0,6.0,18.0,32.0,10.0,7.0,21.0,29.0,57,56,1,1,10.00,1,1,jing3te6,,,,,0
181,wgtx38wp,,1,63,63,terminate,Results,2021-01-13 12:26:24.191156+00:00,1,,,10.00,181,2,2,16,9,Chrome Test,,6.0,-3.0,9.0,41.0,8.0,-1.0,3.0,47.0,10.0,1.0,3.0,47.0,90,30,1,,0.00,1,1,jing3te6,,,,,0
182,7exad3m7,,1,63,63,terminate,Results,2021-01-13 12:26:24.213620+00:00,1,,,0.00,182,2,1,16,9,Chrome Test,,11.0,8.0,72.0,-22.0,12.0,9.0,27.0,23.0,13.0,10.0,30.0,20.0,15,83,0,,0.00,1,1,jing3te6,,,,,0
183,ukwbcncs,,1,63,63,terminate,Results,2021-01-13 12:26:24.238626+00:00,1,,,10.00,183,2,1,16,9,Chrome Test,,8.0,5.0,45.0,5.0,11.0,8.0,24.0,26.0,14.0,11.0,33.0,17.0,32,60,0,,0.00,1,1,jing3te6,,,,,0
184,jhdu2o2c,,1,63,63,terminate,Results,2021-01-13 12:26:24.261928+00:00,1,,,0.00,184,2,2,16,9,Chrome Test,,15.0,12.0,108.0,-58.0,16.0,13.0,39.0,11.0,17.0,14.0,42.0,8.0,0,69,0,1,0.00,1,1,jing3te6,,,,,0
185,tvyk9070,,1,63,63,terminate,Results,2021-01-13 12:26:24.289300+00:00,1,,,0.00,185,2,4,16,9,Chrome Test,,9.0,0.0,0.0,50.0,10.0,1.0,3.0,47.0,12.0,3.0,9.0,41.0,92,57,1,,0.00,1,1,jing3te6,,,,,0
186,89615x4e,,1,63,63,terminate,Results,2021-01-13 12:26:24.312418+00:00,1,,,10.00,186,1,1,16,9,Chrome Test,,8.0,-1.0,3.0,47.0,11.0,2.0,6.0,44.0,13.0,4.0,12.0,38.0,86,57,1,,0.00,1,1,jing3te6,,,,,0
187,ud5r2mls,,1,63,63,terminate,Results,2021-01-13 12:26:24.335709+00:00,1,,,0.00,187,1,3,16,9,Chrome Test,,9.0,0.0,0.0,50.0,12.0,3.0,9.0,41.0,13.0,4.0,12.0,38.0,86,86,0,,0.00,1,1,jing3te6,,,,,0
188,102pvdao,,1,63,63,terminate,Results,2021-01-13 12:26:24.359750+00:00,1,,,0.00,188,2,1,16,9,Chrome Test,,13.0,10.0,90.0,-40.0,15.0,12.0,36.0,14.0,17.0,14.0,42.0,8.0,0,17,0,1,0.00,1,1,jing3te6,,,,,0
189,iq8gw7dl,,1,63,63,terminate,Results,2021-01-13 12:26:24.384678+00:00,1,,,10.00,189,2,4,16,9,Chrome Test,,12.0,3.0,27.0,23.0,15.0,6.0,18.0,32.0,16.0,7.0,21.0,29.0,57,22,1,,0.00,1,1,jing3te6,,,,,0
190,kiz708ad,,1,63,63,terminate,Results,2021-01-13 12:26:24.408124+00:00,1,,,0.00,190,1,3,16,9,Chrome Test,,8.0,5.0,45.0,5.0,11.0,8.0,24.0,26.0,14.0,11.0,33.0,17.0,32,91,0,1,0.00,1,1,jing3te6,,,,,0
191,yeckmqba,,1,63,63,terminate,Results,2021-01-13 12:26:24.430644+00:00,1,,,0.00,191,1,3,16,9,Chrome Test,,12.0,9.0,81.0,-31.0,15.0,12.0,36.0,14.0,18.0,15.0,45.0,5.0,0,16,0,1,0.00,1,1,jing3te6,,,,,0
192,5wfbxy9v,,1,63,63,terminate,Results,2021-01-13 12:26:24.455993+00:00,1,,,10.00,192,1,3,16,9,Chrome Test,,7.0,-2.0,6.0,44.0,8.0,-1.0,3.0,47.0,11.0,2.0,6.0,44.0,90,75,1,1,10.00,1,1,jing3te6,,,,,0
193,i311qeok,,1,63,63,terminate,Results,2021-01-13 12:26:24.480361+00:00,1,,,10.00,193,1,1,16,9,Chrome Test,,11.0,8.0,72.0,-22.0,12.0,9.0,27.0,23.0,15.0,12.0,36.0,14.0,10,71,0,,0.00,1,1,jing3te6,,,,,0
194,94q1o87p,,1,63,63,terminate,Results,2021-01-13 12:26:24.503159+00:00,1,,,10.00,194,2,1,16,9,Chrome Test,,7.0,4.0,36.0,14.0,8.0,5.0,15.0,35.0,10.0,7.0,21.0,29.0,52,0,1,,0.00,1,1,jing3te6,,,,,0
195,veclthf0,,1,63,63,terminate,Results,2021-01-13 12:26:24.525351+00:00,1,,,0.00,195,2,4,16,9,Chrome Test,,14.0,11.0,99.0,-49.0,16.0,13.0,39.0,11.0,17.0,14.0,42.0,8.0,0,64,0,1,0.00,1,1,jing3te6,,,,,0
196,0rjk8zhl,,1,63,63,terminate,Results,2021-01-13 12:26:24.548370+00:00,1,,,10.00,196,2,1,16,9,Chrome Test,,12.0,9.0,81.0,-31.0,13.0,10.0,30.0,20.0,14.0,11.0,33.0,17.0,4,15,0,,0.00,1,1,jing3te6,,,,,0
197,bsx5608a,,1,63,63,terminate,Results,2021-01-13 12:26:24.570713+00:00,1,,,10.00,197,1,2,16,9,Chrome Test,,13.0,4.0,36.0,14.0,14.0,5.0,15.0,35.0,17.0,8.0,24.0,26.0,50,27,1,,0.00,1,1,jing3te6,,,,,0
198,6ddy21rw,,1,63,63,terminate,Results,2021-01-13 12:26:24.595359+00:00,1,,,0.00,198,2,1,16,9,Chrome Test,,13.0,10.0,90.0,-40.0,14.0,11.0,33.0,17.0,17.0,14.0,42.0,8.0,0,50,0,1,0.00,1,1,jing3te6,,,,,0
199,7m2c0syg,,1,63,63,terminate,Results,2021-01-13 12:26:24.617666+00:00,1,,,10.00,199,1,3,16,9,Chrome Test,,7.0,-2.0,6.0,44.0,8.0,-1.0,3.0,47.0,10.0,1.0,3.0,47.0,92,86,1,,0.00,1,1,jing3te6,,,,,0
200,o8smj614,,1,63,63,terminate,Results,2021-01-13 12:26:24.640073+00:00,1,,,10.00,200,1,4,16,9,Chrome Test,,8.0,-1.0,3.0,47.0,11.0,2.0,6.0,44.0,12.0,3.0,9.0,41.0,88,73,1,1,10.00,1,1,jing3te6,,,,,0
201,pgbqphsr,,1,63,63,terminate,Results,2021-01-13 12:26:24.662347+00:00,1,,,10.00,201,2,2,16,9,Chrome Test,,12.0,3.0,27.0,23.0,13.0,4.0,12.0,38.0,16.0,7.0,21.0,29.0,60,97,0,,0.00,1,1,jing3te6,,,,,0
202,vi2fpw8h,,1,63,63,terminate,Results,2021-01-13 12:26:24.686072+00:00,1,,,0.00,202,1,3,16,9,Chrome Test,,6.0,3.0,27.0,23.0,9.0,6.0,18.0,32.0,12.0,9.0,27.0,23.0,52,42,1,,0.00,1,1,jing3te6,,,,,0
203,pe4pfz0k,,1,63,63,terminate,Results,2021-01-13 12:26:24.708796+00:00,1,,,0.00,203,1,2,16,9,Chrome Test,,13.0,10.0,90.0,-40.0,16.0,13.0,39.0,11.0,19.0,16.0,48.0,2.0,0,64,0,,0.00,1,1,jing3te6,,,,,0
204,wwpoe3sq,,1,63,63,terminate,Results,2021-01-13 12:26:24.731601+00:00,1,,,0.00,204,1,2,16,9,Chrome Test,,12.0,3.0,27.0,23.0,15.0,6.0,18.0,32.0,18.0,9.0,27.0,23.0,52,62,0,,0.00,1,1,jing3te6,,,,,0
205,6scke70b,,1,63,63,terminate,Results,2021-01-13 12:26:24.753951+00:00,1,,,0.00,205,2,1,16,9,Chrome Test,,14.0,11.0,99.0,-49.0,15.0,12.0,36.0,14.0,17.0,14.0,42.0,8.0,0,52,0,,0.00,1,1,jing3te6,,,,,0
206,yefvk6dc,,1,63,63,terminate,Results,2021-01-13 12:26:24.776470+00:00,1,,,10.00,206,1,2,16,9,Chrome Test,,13.0,4.0,36.0,14.0,15.0,6.0,18.0,32.0,16.0,7.0,21.0,29.0,50,41,1,,0.00,1,1,jing3te6,,,,,0
207,qaebyfbz,,1,63,63,terminate,Results,2021-01-13 12:26:24.800088+00:00,1,,,10.00,207,2,1,16,9,Chrome Test,,9.0,0.0,0.0,50.0,12.0,3.0,9.0,41.0,13.0,4.0,12.0,38.0,86,2,1,1,10.00,1,1,jing3te6,,,,,0
208,89cf5359,,1,63,63,terminate,Results,2021-01-13 12:26:24.823271+00:00,1,,,0.00,208,2,1,16,9,Chrome Test,,11.0,2.0,18.0,32.0,12.0,3.0,9.0,41.0,15.0,6.0,18.0,32.0,70,45,1,,0.00,1,1,jing3te6,,,,,0
209,yt9bwwfo,,1,63,63,terminate,Results,2021-01-13 12:26:24.846192+00:00,1,,,10.00,209,1,1,16,9,Chrome Test,,10.0,1.0,9.0,41.0,11.0,2.0,6.0,44.0,12.0,3.0,9.0,41.0,84,63,1,1,10.00,1,1,jing3te6,,,,,0
210,ov623yj0,,1,63,63,terminate,Results,2021-01-13 12:26:24.868667+00:00,1,,,0.00,210,2,3,16,9,Chrome Test,,10.0,1.0,9.0,41.0,12.0,3.0,9.0,41.0,13.0,4.0,12.0,38.0,80,91,0,1,0.00,1,1,jing3te6,,,,,0
211,qdq1263t,,1,63,63,terminate,Results,2021-01-13 12:26:24.891804+00:00,1,,,0.00,211,1,4,16,9,Chrome Test,,7.0,4.0,36.0,14.0,10.0,7.0,21.0,29.0,13.0,10.0,30.0,20.0,42,26,1,,0.00,1,1,jing3te6,,,,,0
212,rz4470mh,,1,63,63,terminate,Results,2021-01-13 12:26:24.915015+00:00,1,,,10.00,212,2,4,16,9,Chrome Test,,7.0,4.0,36.0,14.0,8.0,5.0,15.0,35.0,11.0,8.0,24.0,26.0,50,43,1,,0.00,1,1,jing3te6,,,,,0
213,jq37t14s,,1,63,63,terminate,Results,2021-01-13 12:26:24.938046+00:00,1,,,10.00,213,2,4,16,9,Chrome Test,,8.0,-1.0,3.0,47.0,9.0,0.0,0.0,50.0,11.0,2.0,6.0,44.0,94,53,1,1,10.00,1,1,jing3te6,,,,,0
214,m5e9gqzi,,1,63,63,terminate,Results,2021-01-13 12:26:24.960349+00:00,1,,,10.00,214,1,3,16,9,Chrome Test,,7.0,4.0,36.0,14.0,10.0,7.0,21.0,29.0,13.0,10.0,30.0,20.0,42,93,0,,0.00,1,1,jing3te6,,,,,0
215,0f4lqc6u,,1,63,63,terminate,Results,2021-01-13 12:26:24.985100+00:00,1,,,0.00,215,1,1,16,9,Chrome Test,,9.0,0.0,0.0,50.0,12.0,3.0,9.0,41.0,13.0,4.0,12.0,38.0,86,57,1,,0.00,1,1,jing3te6,,,,,0
216,h02nbiyj,,1,63,63,terminate,Results,2021-01-13 12:26:25.007443+00:00,1,,,10.00,216,2,4,16,9,Chrome Test,,10.0,7.0,63.0,-13.0,11.0,8.0,24.0,26.0,13.0,10.0,30.0,20.0,22,33,0,,0.00,1,1,jing3te6,,,,,0
217,y7jeak92,,1,63,63,terminate,Results,2021-01-13 12:26:25.029567+00:00,1,,,0.00,217,1,3,16,9,Chrome Test,,10.0,1.0,9.0,41.0,11.0,2.0,6.0,44.0,13.0,4.0,12.0,38.0,82,5,1,,0.00,1,1,jing3te6,,,,,0
218,0sthcqxf,,1,63,63,terminate,Results,2021-01-13 12:26:25.052336+00:00,1,,,0.00,218,2,3,16,9,Chrome Test,,10.0,1.0,9.0,41.0,13.0,4.0,12.0,38.0,14.0,5.0,15.0,35.0,76,80,0,,0.00,1,1,jing3te6,,,,,0
219,la1xzsnl,,1,63,63,terminate,Results,2021-01-13 12:26:25.076522+00:00,1,,,0.00,219,2,1,16,9,Chrome Test,,9.0,0.0,0.0,50.0,10.0,1.0,3.0,47.0,11.0,2.0,6.0,44.0,94,84,1,,0.00,1,1,jing3te6,,,,,0
220,xaiwf1u2,,1,63,63,terminate,Results,2021-01-13 12:26:25.100227+00:00,1,,,10.00,220,1,2,16,9,Chrome Test,,8.0,-1.0,3.0,47.0,11.0,2.0,6.0,44.0,12.0,3.0,9.0,41.0,88,33,1,,0.00,1,1,jing3te6,,,,,0
221,nuov8r02,,1,63,63,terminate,Results,2021-01-13 12:26:25.124142+00:00,1,,,0.00,221,1,4,16,9,Chrome Test,,11.0,2.0,18.0,32.0,14.0,5.0,15.0,35.0,16.0,7.0,21.0,29.0,64,93,0,,0.00,1,1,jing3te6,,,,,0
222,ptp466fs,,1,63,63,terminate,Results,2021-01-13 12:26:25.147337+00:00,1,,,0.00,222,2,2,16,9,Chrome Test,,10.0,7.0,63.0,-13.0,13.0,10.0,30.0,20.0,16.0,13.0,39.0,11.0,12,19,0,,0.00,1,1,jing3te6,,,,,0
223,dcngzlgv,,1,63,63,terminate,Results,2021-01-13 12:26:25.172202+00:00,1,,,0.00,223,1,3,16,9,Chrome Test,,6.0,-3.0,9.0,41.0,8.0,-1.0,3.0,47.0,10.0,1.0,3.0,47.0,90,97,0,1,0.00,1,1,jing3te6,,,,,0
224,slpzlr3d,,1,63,63,terminate,Results,2021-01-13 12:26:25.195848+00:00,1,,,10.00,224,1,4,16,9,Chrome Test,,10.0,7.0,63.0,-13.0,12.0,9.0,27.0,23.0,14.0,11.0,33.0,17.0,18,4,1,,0.00,1,1,jing3te6,,,,,0
225,18b4mi5a,,1,63,63,terminate,Results,2021-01-13 12:26:25.218146+00:00,1,,,0.00,225,2,4,16,9,Chrome Test,,9.0,6.0,54.0,-4.0,12.0,9.0,27.0,23.0,15.0,12.0,36.0,14.0,22,4,1,,0.00,1,1,jing3te6,,,,,0
226,ua7msxui,,1,63,63,terminate,Results,2021-01-13 12:26:25.242023+00:00,1,,,0.00,226,2,1,16,9,Chrome Test,,12.0,9.0,81.0,-31.0,15.0,12.0,36.0,14.0,16.0,13.0,39.0,11.0,0,89,0,1,0.00,1,1,jing3te6,,,,,0
227,hqlmi21q,,1,63,63,terminate,Results,2021-01-13 12:26:25.265421+00:00,1,,,10.00,227,2,3,16,9,Chrome Test,,8.0,-1.0,3.0,47.0,10.0,1.0,3.0,47.0,11.0,2.0,6.0,44.0,92,43,1,,0.00,1,1,jing3te6,,,,,0
228,7t8me029,,1,63,63,terminate,Results,2021-01-13 12:26:25.289705+00:00,1,,,10.00,228,1,4,16,9,Chrome Test,,13.0,4.0,36.0,14.0,14.0,5.0,15.0,35.0,16.0,7.0,21.0,29.0,52,99,0,,0.00,1,1,jing3te6,,,,,0
229,bor08zwc,,1,63,63,terminate,Results,2021-01-13 12:26:25.312166+00:00,1,,,10.00,229,1,2,16,9,Chrome Test,,12.0,9.0,81.0,-31.0,14.0,11.0,33.0,17.0,15.0,12.0,36.0,14.0,0,97,0,,0.00,1,1,jing3te6,,,,,0
230,qs772t57,,1,63,63,terminate,Results,2021-01-13 12:26:25.334356+00:00,1,,,10.00,230,1,3,16,9,Chrome Test,,11.0,8.0,72.0,-22.0,14.0,11.0,33.0,17.0,17.0,14.0,42.0,8.0,2,78,0,,0.00,1,1,jing3te6,,,,,0
231,38u2dn27,,1,63,63,terminate,Results,2021-01-13 12:26:25.359195+00:00,1,,,0.00,231,1,2,16,9,Chrome Test,,6.0,3.0,27.0,23.0,8.0,5.0,15.0,35.0,11.0,8.0,24.0,26.0,57,13,1,,0.00,1,1,jing3te6,,,,,0
232,cmpa8ax2,,1,63,63,terminate,Results,2021-01-13 12:26:25.381791+00:00,1,,,0.00,232,2,2,16,9,Chrome Test,,7.0,4.0,36.0,14.0,9.0,6.0,18.0,32.0,11.0,8.0,24.0,26.0,48,77,0,,0.00,1,1,jing3te6,,,,,0
233,x4y4fmfl,,1,63,63,terminate,Results,2021-01-13 12:26:25.405202+00:00,1,,,10.00,233,1,1,16,9,Chrome Test,,6.0,3.0,27.0,23.0,9.0,6.0,18.0,32.0,11.0,8.0,24.0,26.0,54,91,0,,0.00,1,1,jing3te6,,,,,0
234,3jhchall,,1,63,63,terminate,Results,2021-01-13 12:26:25.428880+00:00,1,,,10.00,234,2,3,16,9,Chrome Test,,6.0,-3.0,9.0,41.0,9.0,0.0,0.0,50.0,12.0,3.0,9.0,41.0,88,72,1,,0.00,1,1,jing3te6,,,,,0
235,oopxuovr,,1,63,63,terminate,Results,2021-01-13 12:26:25.450870+00:00,1,,,10.00,235,2,4,16,9,Chrome Test,,11.0,8.0,72.0,-22.0,12.0,9.0,27.0,23.0,15.0,12.0,36.0,14.0,10,19,0,,0.00,1,1,jing3te6,,,,,0
236,nfsz3mtu,,1,63,63,terminate,Results,2021-01-13 12:26:25.473357+00:00,1,,,10.00,236,2,3,16,9,Chrome Test,,7.0,4.0,36.0,14.0,8.0,5.0,15.0,35.0,11.0,8.0,24.0,26.0,50,16,1,1,10.00,1,1,jing3te6,,,,,0
237,gbumk5bt,,1,63,63,terminate,Results,2021-01-13 12:26:25.497355+00:00,1,,,0.00,237,1,2,16,9,Chrome Test,,11.0,2.0,18.0,32.0,12.0,3.0,9.0,41.0,14.0,5.0,15.0,35.0,72,6,1,,0.00,1,1,jing3te6,,,,,0
238,7sleb0mq,,1,63,63,terminate,Results,2021-01-13 12:26:25.521126+00:00,1,,,10.00,238,1,4,16,9,Chrome Test,,13.0,10.0,90.0,-40.0,15.0,12.0,36.0,14.0,18.0,15.0,45.0,5.0,0,45,0,,0.00,1,1,jing3te6,,,,,0
239,qv5jic8z,,1,63,63,terminate,Results,2021-01-13 12:26:25.544096+00:00,1,,,10.00,239,2,3,16,9,Chrome Test,,12.0,9.0,81.0,-31.0,13.0,10.0,30.0,20.0,16.0,13.0,39.0,11.0,0,63,0,,0.00,1,1,jing3te6,,,,,0
240,w500shrh,,1,63,63,terminate,Results,2021-01-13 12:26:25.566766+00:00,1,,,10.00,240,1,3,16,9,Chrome Test,,13.0,4.0,36.0,14.0,14.0,5.0,15.0,35.0,16.0,7.0,21.0,29.0,52,43,1,,0.00,1,1,jing3te6,,,,,0
241,jtn95neg,,1,63,63,terminate,Results,2021-01-13 12:26:25.589832+00:00,1,,,0.00,241,2,3,16,9,Chrome Test,,6.0,-3.0,9.0,41.0,9.0,0.0,0.0,50.0,12.0,3.0,9.0,41.0,88,93,0,,0.00,1,1,jing3te6,,,,,0
242,q85fag2d,,1,63,63,terminate,Results,2021-01-13 12:26:25.743336+00:00,1,,,10.00,242,1,1,16,9,Chrome Test,,12.0,3.0,27.0,23.0,14.0,5.0,15.0,35.0,15.0,6.0,18.0,32.0,60,17,1,,0.00,1,1,jing3te6,,,,,0
243,hfxxweyc,,1,63,63,terminate,Results,2021-01-13 12:26:25.771827+00:00,1,,,10.00,243,2,3,16,9,Chrome Test,,15.0,6.0,54.0,-4.0,16.0,7.0,21.0,29.0,19.0,10.0,30.0,20.0,30,27,1,1,10.00,1,1,jing3te6,,,,,0
244,q4ctnxwb,,1,63,63,terminate,Results,2021-01-13 12:26:25.797351+00:00,1,,,0.00,244,2,1,16,9,Chrome Test,,9.0,6.0,54.0,-4.0,10.0,7.0,21.0,29.0,11.0,8.0,24.0,26.0,34,81,0,1,0.00,1,1,jing3te6,,,,,0
245,sq8jdvpf,,1,63,63,terminate,Results,2021-01-13 12:26:25.821766+00:00,1,,,10.00,245,1,2,16,9,Chrome Test,,7.0,4.0,36.0,14.0,10.0,7.0,21.0,29.0,11.0,8.0,24.0,26.0,46,60,0,,0.00,1,1,jing3te6,,,,,0
246,x5bxmseg,,1,63,63,terminate,Results,2021-01-13 12:26:25.847012+00:00,1,,,10.00,246,2,1,16,9,Chrome Test,,12.0,3.0,27.0,23.0,14.0,5.0,15.0,35.0,15.0,6.0,18.0,32.0,60,45,1,1,10.00,1,1,jing3te6,,,,,0
247,2p0vu7e1,,1,63,63,terminate,Results,2021-01-13 12:26:25.870074+00:00,1,,,10.00,247,1,4,16,9,Chrome Test,,9.0,0.0,0.0,50.0,10.0,1.0,3.0,47.0,12.0,3.0,9.0,41.0,92,18,1,1,10.00,1,1,jing3te6,,,,,0
248,qs5kid55,,1,63,63,terminate,Results,2021-01-13 12:26:25.892360+00:00,1,,,10.00,248,1,2,16,9,Chrome Test,,12.0,3.0,27.0,23.0,14.0,5.0,15.0,35.0,16.0,7.0,21.0,29.0,58,52,1,1,10.00,1,1,jing3te6,,,,,0
249,ifg6xz76,,1,63,63,terminate,Results,2021-01-13 12:26:25.915301+00:00,1,,,10.00,249,2,1,16,9,Chrome Test,,7.0,4.0,36.0,14.0,10.0,7.0,21.0,29.0,13.0,10.0,30.0,20.0,42,6,1,,0.00,1,1,jing3te6,,,,,0
250,4meffxl0,,1,63,63,terminate,Results,2021-01-13 12:26:25.940236+00:00,1,,,10.00,250,1,1,16,9,Chrome Test,,10.0,1.0,9.0,41.0,12.0,3.0,9.0,41.0,14.0,5.0,15.0,35.0,78,39,1,1,10.00,1,1,jing3te6,,,,,0
251,czu3uz72,,1,63,63,terminate,Results,2021-01-13 12:26:25.962345+00:00,1,,,0.00,251,1,3,16,9,Chrome Test,,9.0,6.0,54.0,-4.0,12.0,9.0,27.0,23.0,13.0,10.0,30.0,20.0,26,18,1,,0.00,1,1,jing3te6,,,,,0
252,y7vrab19,,1,63,63,terminate,Results,2021-01-13 12:26:25.984930+00:00,1,,,0.00,252,2,1,16,9,Chrome Test,,14.0,11.0,99.0,-49.0,15.0,12.0,36.0,14.0,18.0,15.0,45.0,5.0,0,32,0,,0.00,1,1,jing3te6,,,,,0
253,8531j3im,,1,63,63,terminate,Results,2021-01-13 12:26:26.007210+00:00,1,,,0.00,253,1,3,16,9,Chrome Test,,8.0,5.0,45.0,5.0,11.0,8.0,24.0,26.0,14.0,11.0,33.0,17.0,32,48,0,1,0.00,1,1,jing3te6,,,,,0
254,7ikzc1q6,,1,63,63,terminate,Results,2021-01-13 12:26:26.029489+00:00,1,,,10.00,254,1,4,16,9,Chrome Test,,9.0,6.0,54.0,-4.0,10.0,7.0,21.0,29.0,13.0,10.0,30.0,20.0,30,9,1,1,10.00,1,1,jing3te6,,,,,0
255,kgg9rqjx,,1,63,63,terminate,Results,2021-01-13 12:26:26.052839+00:00,1,,,0.00,255,2,2,16,9,Chrome Test,,13.0,4.0,36.0,14.0,16.0,7.0,21.0,29.0,18.0,9.0,27.0,23.0,44,46,0,1,0.00,1,1,jing3te6,,,,,0
256,kuqzjkdj,,1,63,63,terminate,Results,2021-01-13 12:26:26.075188+00:00,1,,,10.00,256,1,2,16,9,Chrome Test,,8.0,-1.0,3.0,47.0,11.0,2.0,6.0,44.0,14.0,5.0,15.0,35.0,84,60,1,1,10.00,1,1,jing3te6,,,,,0
257,np9iv0g0,,1,63,63,terminate,Results,2021-01-13 12:26:26.098850+00:00,1,,,10.00,257,1,3,16,9,Chrome Test,,11.0,2.0,18.0,32.0,13.0,4.0,12.0,38.0,14.0,5.0,15.0,35.0,70,34,1,,0.00,1,1,jing3te6,,,,,0
258,bqv15gse,,1,63,63,terminate,Results,2021-01-13 12:26:26.122381+00:00,1,,,10.00,258,1,3,16,9,Chrome Test,,9.0,6.0,54.0,-4.0,10.0,7.0,21.0,29.0,12.0,9.0,27.0,23.0,32,12,1,,0.00,1,1,jing3te6,,,,,0
259,r5e43df4,,1,63,63,terminate,Results,2021-01-13 12:26:26.145980+00:00,1,,,0.00,259,1,1,16,9,Chrome Test,,7.0,-2.0,6.0,44.0,8.0,-1.0,3.0,47.0,9.0,0.0,0.0,50.0,94,89,1,,0.00,1,1,jing3te6,,,,,0
260,0ptdrie0,,1,63,63,terminate,Results,2021-01-13 12:26:26.172723+00:00,1,,,0.00,260,1,3,16,9,Chrome Test,,12.0,3.0,27.0,23.0,15.0,6.0,18.0,32.0,18.0,9.0,27.0,23.0,52,1,1,,0.00,1,1,jing3te6,,,,,0
261,axbf945w,,1,63,63,terminate,Results,2021-01-13 12:26:26.196147+00:00,1,,,10.00,261,1,2,16,9,Chrome Test,,9.0,6.0,54.0,-4.0,11.0,8.0,24.0,26.0,12.0,9.0,27.0,23.0,30,81,0,,0.00,1,1,jing3te6,,,,,0
262,80ay7sad,,1,63,63,terminate,Results,2021-01-13 12:26:26.219971+00:00,1,,,0.00,262,1,2,16,9,Chrome Test,,5.0,-4.0,12.0,38.0,8.0,-1.0,3.0,47.0,11.0,2.0,6.0,44.0,86,11,1,,0.00,1,1,jing3te6,,,,,0
263,mu11ax7f,,1,63,63,terminate,Results,2021-01-13 12:26:26.248782+00:00,1,,,10.00,263,2,1,16,9,Chrome Test,,13.0,4.0,36.0,14.0,14.0,5.0,15.0,35.0,17.0,8.0,24.0,26.0,50,80,0,,0.00,1,1,jing3te6,,,,,0
264,lkxg88c1,,1,63,63,terminate,Results,2021-01-13 12:26:26.273016+00:00,1,,,0.00,264,2,1,16,9,Chrome Test,,10.0,1.0,9.0,41.0,11.0,2.0,6.0,44.0,14.0,5.0,15.0,35.0,80,81,0,,0.00,1,1,jing3te6,,,,,0
265,8jujbrg1,,1,63,63,terminate,Results,2021-01-13 12:26:26.295607+00:00,1,,,10.00,265,1,2,16,9,Chrome Test,,15.0,6.0,54.0,-4.0,16.0,7.0,21.0,29.0,18.0,9.0,27.0,23.0,32,57,0,,0.00,1,1,jing3te6,,,,,0
266,acp3kx4j,,1,63,63,terminate,Results,2021-01-13 12:26:26.318894+00:00,1,,,0.00,266,1,1,16,9,Chrome Test,,13.0,10.0,90.0,-40.0,16.0,13.0,39.0,11.0,17.0,14.0,42.0,8.0,0,68,0,1,0.00,1,1,jing3te6,,,,,0
267,kstxzfne,,1,63,63,terminate,Results,2021-01-13 12:26:26.341102+00:00,1,,,10.00,267,1,1,16,9,Chrome Test,,12.0,9.0,81.0,-31.0,13.0,10.0,30.0,20.0,14.0,11.0,33.0,17.0,4,57,0,,0.00,1,1,jing3te6,,,,,0
268,cutr47bk,,1,63,63,terminate,Results,2021-01-13 12:26:26.364358+00:00,1,,,0.00,268,2,3,16,9,Chrome Test,,10.0,7.0,63.0,-13.0,11.0,8.0,24.0,26.0,13.0,10.0,30.0,20.0,22,46,0,1,0.00,1,1,jing3te6,,,,,0
269,6b7wdjw1,,1,63,63,terminate,Results,2021-01-13 12:26:26.387589+00:00,1,,,0.00,269,2,1,16,9,Chrome Test,,11.0,8.0,72.0,-22.0,13.0,10.0,30.0,20.0,14.0,11.0,33.0,17.0,10,1,1,,0.00,1,1,jing3te6,,,,,0
270,x0dozwu0,,1,63,63,terminate,Results,2021-01-13 12:26:26.410393+00:00,1,,,10.00,270,1,3,16,9,Chrome Test,,9.0,6.0,54.0,-4.0,11.0,8.0,24.0,26.0,12.0,9.0,27.0,23.0,30,3,1,,0.00,1,1,jing3te6,,,,,0
271,6hvx1jbc,,1,63,63,terminate,Results,2021-01-13 12:26:26.433382+00:00,1,,,10.00,271,2,4,16,9,Chrome Test,,8.0,5.0,45.0,5.0,11.0,8.0,24.0,26.0,14.0,11.0,33.0,17.0,32,70,0,,0.00,1,1,jing3te6,,,,,0
272,dbwzkst9,,1,63,63,terminate,Results,2021-01-13 12:26:26.457292+00:00,1,,,10.00,272,2,4,16,9,Chrome Test,,11.0,2.0,18.0,32.0,12.0,3.0,9.0,41.0,15.0,6.0,18.0,32.0,70,89,0,,0.00,1,1,jing3te6,,,,,0
273,glotpgmy,,1,63,63,terminate,Results,2021-01-13 12:26:26.480339+00:00,1,,,0.00,273,2,4,16,9,Chrome Test,,9.0,6.0,54.0,-4.0,12.0,9.0,27.0,23.0,14.0,11.0,33.0,17.0,24,52,0,,0.00,1,1,jing3te6,,,,,0
274,wy1mkesa,,1,63,63,terminate,Results,2021-01-13 12:26:26.503082+00:00,1,,,10.00,274,2,2,16,9,Chrome Test,,7.0,-2.0,6.0,44.0,8.0,-1.0,3.0,47.0,10.0,1.0,3.0,47.0,92,7,1,,0.00,1,1,jing3te6,,,,,0
275,5m5jhb5f,,1,63,63,terminate,Results,2021-01-13 12:26:26.525351+00:00,1,,,10.00,275,2,1,16,9,Chrome Test,,13.0,4.0,36.0,14.0,14.0,5.0,15.0,35.0,17.0,8.0,24.0,26.0,50,39,1,,0.00,1,1,jing3te6,,,,,0
276,ybctkbvv,,1,63,63,terminate,Results,2021-01-13 12:26:26.547727+00:00,1,,,10.00,276,1,1,16,9,Chrome Test,,9.0,6.0,54.0,-4.0,11.0,8.0,24.0,26.0,12.0,9.0,27.0,23.0,30,10,1,,0.00,1,1,jing3te6,,,,,0
277,lnmfwt0h,,1,63,63,terminate,Results,2021-01-13 12:26:26.570981+00:00,1,,,0.00,277,2,1,16,9,Chrome Test,,11.0,2.0,18.0,32.0,14.0,5.0,15.0,35.0,15.0,6.0,18.0,32.0,66,34,1,,0.00,1,1,jing3te6,,,,,0
278,mq921039,,1,63,63,terminate,Results,2021-01-13 12:26:26.593268+00:00,1,,,0.00,278,2,3,16,9,Chrome Test,,7.0,4.0,36.0,14.0,9.0,6.0,18.0,32.0,10.0,7.0,21.0,29.0,50,6,1,,0.00,1,1,jing3te6,,,,,0
279,hwutefm2,,1,63,63,terminate,Results,2021-01-13 12:26:26.615792+00:00,1,,,0.00,279,2,3,16,9,Chrome Test,,12.0,3.0,27.0,23.0,13.0,4.0,12.0,38.0,16.0,7.0,21.0,29.0,60,82,0,,0.00,1,1,jing3te6,,,,,0
280,zerqlhex,,1,63,63,terminate,Results,2021-01-13 12:26:26.637967+00:00,1,,,0.00,280,1,3,16,9,Chrome Test,,14.0,5.0,45.0,5.0,15.0,6.0,18.0,32.0,18.0,9.0,27.0,23.0,40,100,0,1,0.00,1,1,jing3te6,,,,,0
281,klya8ndp,,1,63,63,terminate,Results,2021-01-13 12:26:26.661433+00:00,1,,,10.00,281,1,4,16,9,Chrome Test,,5.0,-4.0,12.0,38.0,8.0,-1.0,3.0,47.0,10.0,1.0,3.0,47.0,88,82,1,1,10.00,1,1,jing3te6,,,,,0
282,2uklhpe7,,1,63,63,terminate,Results,2021-01-13 12:26:26.685778+00:00,1,,,0.00,282,1,3,16,9,Chrome Test,,7.0,-2.0,6.0,44.0,8.0,-1.0,3.0,47.0,9.0,0.0,0.0,50.0,94,92,1,,0.00,1,1,jing3te6,,,,,0
283,n1x8mckf,,1,63,63,terminate,Results,2021-01-13 12:26:26.707941+00:00,1,,,10.00,283,2,4,16,9,Chrome Test,,5.0,-4.0,12.0,38.0,8.0,-1.0,3.0,47.0,11.0,2.0,6.0,44.0,86,58,1,,0.00,1,1,jing3te6,,,,,0
284,ktqs4foz,,1,63,63,terminate,Results,2021-01-13 12:26:26.730968+00:00,1,,,10.00,284,2,4,16,9,Chrome Test,,15.0,6.0,54.0,-4.0,16.0,7.0,21.0,29.0,17.0,8.0,24.0,26.0,34,9,1,1,10.00,1,1,jing3te6,,,,,0
285,oc0t8cjd,,1,63,63,terminate,Results,2021-01-13 12:26:26.754496+00:00,1,,,10.00,285,2,4,16,9,Chrome Test,,7.0,4.0,36.0,14.0,10.0,7.0,21.0,29.0,13.0,10.0,30.0,20.0,42,86,0,,0.00,1,1,jing3te6,,,,,0
286,q8ewq37l,,1,63,63,terminate,Results,2021-01-13 12:26:26.777148+00:00,1,,,0.00,286,2,2,16,9,Chrome Test,,14.0,11.0,99.0,-49.0,16.0,13.0,39.0,11.0,18.0,15.0,45.0,5.0,0,89,0,1,0.00,1,1,jing3te6,,,,,0
287,8bv3qe24,,1,63,63,terminate,Results,2021-01-13 12:26:26.800877+00:00,1,,,0.00,287,2,1,16,9,Chrome Test,,10.0,7.0,63.0,-13.0,11.0,8.0,24.0,26.0,13.0,10.0,30.0,20.0,22,48,0,,0.00,1,1,jing3te6,,,,,0
288,a818vzap,,1,63,63,terminate,Results,2021-01-13 12:26:26.824917+00:00,1,,,0.00,288,2,3,16,9,Chrome Test,,8.0,-1.0,3.0,47.0,10.0,1.0,3.0,47.0,12.0,3.0,9.0,41.0,90,95,0,1,0.00,1,1,jing3te6,,,,,0
289,yokfv95s,,1,63,63,terminate,Results,2021-01-13 12:26:26.847346+00:00,1,,,0.00,289,2,4,16,9,Chrome Test,,12.0,3.0,27.0,23.0,14.0,5.0,15.0,35.0,16.0,7.0,21.0,29.0,58,55,1,,0.00,1,1,jing3te6,,,,,0
290,6xwws8jp,,1,63,63,terminate,Results,2021-01-13 12:26:26.870589+00:00,1,,,0.00,290,2,3,16,9,Chrome Test,,10.0,1.0,9.0,41.0,11.0,2.0,6.0,44.0,13.0,4.0,12.0,38.0,82,73,1,,0.00,1,1,jing3te6,,,,,0
291,cneppaa5,,1,63,63,terminate,Results,2021-01-13 12:26:26.893359+00:00,1,,,10.00,291,2,4,16,9,Chrome Test,,9.0,6.0,54.0,-4.0,10.0,7.0,21.0,29.0,12.0,9.0,27.0,23.0,32,18,1,,0.00,1,1,jing3te6,,,,,0
292,ax75plaj,,1,63,63,terminate,Results,2021-01-13 12:26:26.915563+00:00,1,,,10.00,292,2,3,16,9,Chrome Test,,10.0,7.0,63.0,-13.0,11.0,8.0,24.0,26.0,12.0,9.0,27.0,23.0,24,99,0,,0.00,1,1,jing3te6,,,,,0
293,yja00qh3,,1,63,63,terminate,Results,2021-01-13 12:26:26.938647+00:00,1,,,10.00,293,1,1,16,9,Chrome Test,,11.0,2.0,18.0,32.0,12.0,3.0,9.0,41.0,13.0,4.0,12.0,38.0,74,47,1,1,10.00,1,1,jing3te6,,,,,0
294,jy85txwo,,1,63,63,terminate,Results,2021-01-13 12:26:26.961581+00:00,1,,,10.00,294,1,3,16,9,Chrome Test,,10.0,7.0,63.0,-13.0,11.0,8.0,24.0,26.0,14.0,11.0,33.0,17.0,20,10,1,,0.00,1,1,jing3te6,,,,,0
295,bima7cjj,,1,63,63,terminate,Results,2021-01-13 12:26:26.984306+00:00,1,,,10.00,295,2,1,16,9,Chrome Test,,9.0,0.0,0.0,50.0,11.0,2.0,6.0,44.0,14.0,5.0,15.0,35.0,86,20,1,1,10.00,1,1,jing3te6,,,,,0
296,2dj0csrr,,1,63,63,terminate,Results,2021-01-13 12:26:27.006700+00:00,1,,,10.00,296,1,4,16,9,Chrome Test,,8.0,5.0,45.0,5.0,11.0,8.0,24.0,26.0,12.0,9.0,27.0,23.0,36,26,1,,0.00,1,1,jing3te6,,,,,0
297,kytc4mx8,,1,63,63,terminate,Results,2021-01-13 12:26:27.029119+00:00,1,,,10.00,297,2,3,16,9,Chrome Test,,6.0,3.0,27.0,23.0,9.0,6.0,18.0,32.0,10.0,7.0,21.0,29.0,57,22,1,,0.00,1,1,jing3te6,,,,,0
298,lqf4l9im,,1,63,63,terminate,Results,2021-01-13 12:26:27.052114+00:00,1,,,10.00,298,1,3,16,9,Chrome Test,,10.0,7.0,63.0,-13.0,13.0,10.0,30.0,20.0,14.0,11.0,33.0,17.0,16,11,1,,0.00,1,1,jing3te6,,,,,0
299,cwjd6t4g,,1,63,63,terminate,Results,2021-01-13 12:26:27.074808+00:00,1,,,10.00,299,2,1,16,9,Chrome Test,,11.0,2.0,18.0,32.0,13.0,4.0,12.0,38.0,16.0,7.0,21.0,29.0,66,52,1,,0.00,1,1,jing3te6,,,,,0
300,qb07oz1r,,1,63,63,terminate,Results,2021-01-13 12:26:27.097389+00:00,1,,,10.00,300,1,4,16,9,Chrome Test,,9.0,0.0,0.0,50.0,12.0,3.0,9.0,41.0,14.0,5.0,15.0,35.0,84,36,1,,0.00,1,1,jing3te6,,,,,0
301,tb1wikns,,1,63,63,terminate,Results,2021-01-13 12:26:27.119846+00:00,1,,,10.00,301,1,3,16,9,Chrome Test,,7.0,4.0,36.0,14.0,9.0,6.0,18.0,32.0,10.0,7.0,21.0,29.0,50,93,0,,0.00,1,1,jing3te6,,,,,0
302,oy1x9cd7,,1,63,63,terminate,Results,2021-01-13 12:26:27.142465+00:00,1,,,10.00,302,2,4,16,9,Chrome Test,,11.0,2.0,18.0,32.0,12.0,3.0,9.0,41.0,14.0,5.0,15.0,35.0,72,76,0,,0.00,1,1,jing3te6,,,,,0
303,v3pcudbr,,1,63,63,terminate,Results,2021-01-13 12:26:27.167222+00:00,1,,,10.00,303,1,4,16,9,Chrome Test,,10.0,1.0,9.0,41.0,12.0,3.0,9.0,41.0,15.0,6.0,18.0,32.0,76,34,1,,0.00,1,1,jing3te6,,,,,0
304,dgflacse,,1,63,63,terminate,Results,2021-01-13 12:26:27.189516+00:00,1,,,0.00,304,2,4,16,9,Chrome Test,,12.0,9.0,81.0,-31.0,14.0,11.0,33.0,17.0,15.0,12.0,36.0,14.0,0,14,0,,0.00,1,1,jing3te6,,,,,0
305,cd016508,,1,63,63,terminate,Results,2021-01-13 12:26:27.211894+00:00,1,,,10.00,305,2,1,16,9,Chrome Test,,8.0,-1.0,3.0,47.0,9.0,0.0,0.0,50.0,12.0,3.0,9.0,41.0,92,30,1,,0.00,1,1,jing3te6,,,,,0
306,v3ql8r4w,,1,63,63,terminate,Results,2021-01-13 12:26:27.234322+00:00,1,,,10.00,306,2,3,16,9,Chrome Test,,7.0,4.0,36.0,14.0,10.0,7.0,21.0,29.0,12.0,9.0,27.0,23.0,44,0,1,1,10.00,1,1,jing3te6,,,,,0
307,uqfimpqr,,1,63,63,terminate,Results,2021-01-13 12:26:27.258518+00:00,1,,,10.00,307,2,1,16,9,Chrome Test,,9.0,0.0,0.0,50.0,12.0,3.0,9.0,41.0,15.0,6.0,18.0,32.0,82,40,1,1,10.00,1,1,jing3te6,,,,,0
308,6m4yu8cd,,1,63,63,terminate,Results,2021-01-13 12:26:27.281260+00:00,1,,,10.00,308,1,3,16,9,Chrome Test,,11.0,8.0,72.0,-22.0,14.0,11.0,33.0,17.0,16.0,13.0,39.0,11.0,4,20,0,,0.00,1,1,jing3te6,,,,,0
309,53kiz6gt,,1,63,63,terminate,Results,2021-01-13 12:26:27.303312+00:00,1,,,10.00,309,1,3,16,9,Chrome Test,,8.0,-1.0,3.0,47.0,9.0,0.0,0.0,50.0,12.0,3.0,9.0,41.0,92,63,1,,0.00,1,1,jing3te6,,,,,0
310,q07svr8j,,1,63,63,terminate,Results,2021-01-13 12:26:27.326597+00:00,1,,,10.00,310,2,2,16,9,Chrome Test,,10.0,7.0,63.0,-13.0,13.0,10.0,30.0,20.0,16.0,13.0,39.0,11.0,12,11,1,1,10.00,1,1,jing3te6,,,,,0
311,m6pklhrq,,1,63,63,terminate,Results,2021-01-13 12:26:27.349242+00:00,1,,,0.00,311,1,2,16,9,Chrome Test,,10.0,1.0,9.0,41.0,12.0,3.0,9.0,41.0,14.0,5.0,15.0,35.0,78,92,0,1,0.00,1,1,jing3te6,,,,,0
312,cdiqshzh,,1,63,63,terminate,Results,2021-01-13 12:26:27.373261+00:00,1,,,0.00,312,1,3,16,9,Chrome Test,,8.0,5.0,45.0,5.0,11.0,8.0,24.0,26.0,13.0,10.0,30.0,20.0,34,67,0,,0.00,1,1,jing3te6,,,,,0
313,59oydq4d,,1,63,63,terminate,Results,2021-01-13 12:26:27.395388+00:00,1,,,10.00,313,2,4,16,9,Chrome Test,,7.0,4.0,36.0,14.0,9.0,6.0,18.0,32.0,10.0,7.0,21.0,29.0,50,12,1,,0.00,1,1,jing3te6,,,,,0
314,78qu12nj,,1,63,63,terminate,Results,2021-01-13 12:26:27.418546+00:00,1,,,10.00,314,2,4,16,9,Chrome Test,,9.0,6.0,54.0,-4.0,10.0,7.0,21.0,29.0,11.0,8.0,24.0,26.0,34,6,1,,0.00,1,1,jing3te6,,,,,0
315,fj8cf3i1,,1,63,63,terminate,Results,2021-01-13 12:26:27.441006+00:00,1,,,10.00,315,2,2,16,9,Chrome Test,,13.0,10.0,90.0,-40.0,15.0,12.0,36.0,14.0,17.0,14.0,42.0,8.0,0,86,0,,0.00,1,1,jing3te6,,,,,0
316,t2kckikr,,1,63,63,terminate,Results,2021-01-13 12:26:27.463898+00:00,1,,,0.00,316,2,1,16,9,Chrome Test,,7.0,4.0,36.0,14.0,10.0,7.0,21.0,29.0,13.0,10.0,30.0,20.0,42,67,0,1,0.00,1,1,jing3te6,,,,,0
317,dkg91f5w,,1,63,63,terminate,Results,2021-01-13 12:26:27.486887+00:00,1,,,0.00,317,1,2,16,9,Chrome Test,,7.0,4.0,36.0,14.0,10.0,7.0,21.0,29.0,13.0,10.0,30.0,20.0,42,86,0,,0.00,1,1,jing3te6,,,,,0
318,qs7g73qd,,1,63,63,terminate,Results,2021-01-13 12:26:27.509346+00:00,1,,,10.00,318,2,1,16,9,Chrome Test,,8.0,-1.0,3.0,47.0,10.0,1.0,3.0,47.0,12.0,3.0,9.0,41.0,90,38,1,1,10.00,1,1,jing3te6,,,,,0
319,nkrvye8z,,1,63,63,terminate,Results,2021-01-13 12:26:27.533201+00:00,1,,,10.00,319,1,4,16,9,Chrome Test,,15.0,6.0,54.0,-4.0,16.0,7.0,21.0,29.0,17.0,8.0,24.0,26.0,34,26,1,1,10.00,1,1,jing3te6,,,,,0
320,nsrf50q3,,1,63,63,terminate,Results,2021-01-13 12:26:27.556316+00:00,1,,,0.00,320,1,4,16,9,Chrome Test,,11.0,8.0,72.0,-22.0,14.0,11.0,33.0,17.0,17.0,14.0,42.0,8.0,2,61,0,,0.00,1,1,jing3te6,,,,,0
321,siu4lzgt,,1,63,63,terminate,Results,2021-01-13 12:26:27.752792+00:00,1,,,0.00,321,2,3,16,9,Chrome Test,,7.0,4.0,36.0,14.0,10.0,7.0,21.0,29.0,11.0,8.0,24.0,26.0,46,95,0,,0.00,1,1,jing3te6,,,,,0
322,3b6wzreo,,1,63,63,terminate,Results,2021-01-13 12:26:27.780158+00:00,1,,,10.00,322,1,1,16,9,Chrome Test,,11.0,8.0,72.0,-22.0,13.0,10.0,30.0,20.0,16.0,13.0,39.0,11.0,6,16,0,,0.00,1,1,jing3te6,,,,,0
323,lz57tii9,,1,63,63,terminate,Results,2021-01-13 12:26:27.805632+00:00,1,,,10.00,323,1,4,16,9,Chrome Test,,14.0,11.0,99.0,-49.0,16.0,13.0,39.0,11.0,18.0,15.0,45.0,5.0,0,54,0,,0.00,1,1,jing3te6,,,,,0
324,jcst22uf,,1,63,63,terminate,Results,2021-01-13 12:26:27.828786+00:00,1,,,10.00,324,2,4,16,9,Chrome Test,,8.0,-1.0,3.0,47.0,10.0,1.0,3.0,47.0,12.0,3.0,9.0,41.0,90,31,1,,0.00,1,1,jing3te6,,,,,0
325,2segtjdp,,1,63,63,terminate,Results,2021-01-13 12:26:27.852495+00:00,1,,,10.00,325,2,4,16,9,Chrome Test,,13.0,4.0,36.0,14.0,15.0,6.0,18.0,32.0,18.0,9.0,27.0,23.0,46,55,0,,0.00,1,1,jing3te6,,,,,0
326,80yqd5wn,,1,63,63,terminate,Results,2021-01-13 12:26:27.874509+00:00,1,,,0.00,326,1,3,16,9,Chrome Test,,9.0,0.0,0.0,50.0,12.0,3.0,9.0,41.0,14.0,5.0,15.0,35.0,84,85,0,1,0.00,1,1,jing3te6,,,,,0
327,rez5q0js,,1,63,63,terminate,Results,2021-01-13 12:26:27.897182+00:00,1,,,10.00,327,2,4,16,9,Chrome Test,,7.0,-2.0,6.0,44.0,10.0,1.0,3.0,47.0,11.0,2.0,6.0,44.0,90,87,1,1,10.00,1,1,jing3te6,,,,,0
328,wgksll5f,,1,63,63,terminate,Results,2021-01-13 12:26:27.920016+00:00,1,,,0.00,328,1,2,16,9,Chrome Test,,10.0,1.0,9.0,41.0,12.0,3.0,9.0,41.0,15.0,6.0,18.0,32.0,76,3,1,,0.00,1,1,jing3te6,,,,,0
329,wnqccaz1,,1,63,63,terminate,Results,2021-01-13 12:26:27.945470+00:00,1,,,0.00,329,1,4,16,9,Chrome Test,,6.0,-3.0,9.0,41.0,9.0,0.0,0.0,50.0,11.0,2.0,6.0,44.0,90,29,1,,0.00,1,1,jing3te6,,,,,0
330,hpa9u62r,,1,63,63,terminate,Results,2021-01-13 12:26:27.969450+00:00,1,,,10.00,330,2,1,16,9,Chrome Test,,7.0,4.0,36.0,14.0,8.0,5.0,15.0,35.0,9.0,6.0,18.0,32.0,54,7,1,,0.00,1,1,jing3te6,,,,,0
331,6f3kophu,,1,63,63,terminate,Results,2021-01-13 12:26:27.993253+00:00,1,,,0.00,331,1,4,16,9,Chrome Test,,13.0,10.0,90.0,-40.0,15.0,12.0,36.0,14.0,17.0,14.0,42.0,8.0,0,8,0,1,0.00,1,1,jing3te6,,,,,0
332,6izj6am4,,1,63,63,terminate,Results,2021-01-13 12:26:28.015894+00:00,1,,,0.00,332,1,4,16,9,Chrome Test,,9.0,6.0,54.0,-4.0,10.0,7.0,21.0,29.0,12.0,9.0,27.0,23.0,32,84,0,,0.00,1,1,jing3te6,,,,,0
333,c82i6t4x,,1,63,63,terminate,Results,2021-01-13 12:26:28.038582+00:00,1,,,10.00,333,2,2,16,9,Chrome Test,,11.0,2.0,18.0,32.0,13.0,4.0,12.0,38.0,15.0,6.0,18.0,32.0,68,31,1,,0.00,1,1,jing3te6,,,,,0
334,j8wkwmef,,1,63,63,terminate,Results,2021-01-13 12:26:28.063400+00:00,1,,,0.00,334,2,3,16,9,Chrome Test,,11.0,8.0,72.0,-22.0,12.0,9.0,27.0,23.0,14.0,11.0,33.0,17.0,12,52,0,,0.00,1,1,jing3te6,,,,,0
335,lc8pj7ws,,1,63,63,terminate,Results,2021-01-13 12:26:28.089012+00:00,1,,,10.00,335,2,4,16,9,Chrome Test,,8.0,5.0,45.0,5.0,9.0,6.0,18.0,32.0,11.0,8.0,24.0,26.0,42,9,1,,0.00,1,1,jing3te6,,,,,0
336,xeam3psp,,1,63,63,terminate,Results,2021-01-13 12:26:28.112109+00:00,1,,,0.00,336,2,2,16,9,Chrome Test,,14.0,5.0,45.0,5.0,16.0,7.0,21.0,29.0,18.0,9.0,27.0,23.0,38,59,0,,0.00,1,1,jing3te6,,,,,0
337,f14at3y0,,1,63,63,terminate,Results,2021-01-13 12:26:28.135247+00:00,1,,,10.00,337,2,1,16,9,Chrome Test,,10.0,1.0,9.0,41.0,11.0,2.0,6.0,44.0,14.0,5.0,15.0,35.0,80,88,0,,0.00,1,1,jing3te6,,,,,0
338,9nt0sw1u,,1,63,63,terminate,Results,2021-01-13 12:26:28.158779+00:00,1,,,10.00,338,1,2,16,9,Chrome Test,,12.0,3.0,27.0,23.0,15.0,6.0,18.0,32.0,17.0,8.0,24.0,26.0,54,84,0,,0.00,1,1,jing3te6,,,,,0
339,8wenoa69,,1,63,63,terminate,Results,2021-01-13 12:26:28.183217+00:00,1,,,0.00,339,1,3,16,9,Chrome Test,,9.0,6.0,54.0,-4.0,11.0,8.0,24.0,26.0,13.0,10.0,30.0,20.0,29,95,0,,0.00,1,1,jing3te6,,,,,0
340,bqr4j3nk,,1,63,63,terminate,Results,2021-01-13 12:26:28.205835+00:00,1,,,10.00,340,1,1,16,9,Chrome Test,,8.0,-1.0,3.0,47.0,9.0,0.0,0.0,50.0,11.0,2.0,6.0,44.0,94,21,1,1,10.00,1,1,jing3te6,,,,,0
341,ne3gwyw8,,1,63,63,terminate,Results,2021-01-13 12:26:28.228621+00:00,1,,,0.00,341,2,3,16,9,Chrome Test,,14.0,11.0,99.0,-49.0,15.0,12.0,36.0,14.0,17.0,14.0,42.0,8.0,0,70,0,,0.00,1,1,jing3te6,,,,,0
342,g2ugo8z3,,1,63,63,terminate,Results,2021-01-13 12:26:28.252641+00:00,1,,,10.00,342,1,3,16,9,Chrome Test,,14.0,5.0,45.0,5.0,15.0,6.0,18.0,32.0,17.0,8.0,24.0,26.0,42,15,1,,0.00,1,1,jing3te6,,,,,0
343,v65z8p2h,,1,63,63,terminate,Results,2021-01-13 12:26:28.274923+00:00,1,,,0.00,343,1,4,16,9,Chrome Test,,12.0,9.0,81.0,-31.0,13.0,10.0,30.0,20.0,14.0,11.0,33.0,17.0,4,16,0,1,0.00,1,1,jing3te6,,,,,0
344,9ef7ia9w,,1,63,63,terminate,Results,2021-01-13 12:26:28.297647+00:00,1,,,0.00,344,1,1,16,9,Chrome Test,,13.0,4.0,36.0,14.0,14.0,5.0,15.0,35.0,15.0,6.0,18.0,32.0,54,79,0,,0.00,1,1,jing3te6,,,,,0
345,6ey044ex,,1,63,63,terminate,Results,2021-01-13 12:26:28.320347+00:00,1,,,10.00,345,1,3,16,9,Chrome Test,,7.0,-2.0,6.0,44.0,9.0,0.0,0.0,50.0,12.0,3.0,9.0,41.0,90,15,1,1,10.00,1,1,jing3te6,,,,,0
346,akogdn6r,,1,63,63,terminate,Results,2021-01-13 12:26:28.343030+00:00,1,,,0.00,346,2,1,16,9,Chrome Test,,7.0,-2.0,6.0,44.0,8.0,-1.0,3.0,47.0,11.0,2.0,6.0,44.0,90,20,1,,0.00,1,1,jing3te6,,,,,0
347,xnputdyn,,1,63,63,terminate,Results,2021-01-13 12:26:28.366673+00:00,1,,,10.00,347,2,4,16,9,Chrome Test,,9.0,0.0,0.0,50.0,10.0,1.0,3.0,47.0,12.0,3.0,9.0,41.0,92,30,1,1,10.00,1,1,jing3te6,,,,,0
348,n9z15mzk,,1,63,63,terminate,Results,2021-01-13 12:26:28.389012+00:00,1,,,0.00,348,2,2,16,9,Chrome Test,,12.0,9.0,81.0,-31.0,14.0,11.0,33.0,17.0,15.0,12.0,36.0,14.0,0,36,0,1,0.00,1,1,jing3te6,,,,,0
349,68p839xw,,1,63,63,terminate,Results,2021-01-13 12:26:28.410924+00:00,1,,,0.00,349,1,4,16,9,Chrome Test,,12.0,3.0,27.0,23.0,15.0,6.0,18.0,32.0,18.0,9.0,27.0,23.0,52,55,0,1,0.00,1,1,jing3te6,,,,,0
350,tnysvx32,,1,63,63,terminate,Results,2021-01-13 12:26:28.435979+00:00,1,,,10.00,350,2,1,16,9,Chrome Test,,9.0,6.0,54.0,-4.0,12.0,9.0,27.0,23.0,14.0,11.0,33.0,17.0,24,87,0,,0.00,1,1,jing3te6,,,,,0
351,2qyvexhf,,1,63,63,terminate,Results,2021-01-13 12:26:28.459987+00:00,1,,,10.00,351,1,4,16,9,Chrome Test,,14.0,11.0,99.0,-49.0,16.0,13.0,39.0,11.0,19.0,16.0,48.0,2.0,0,47,0,,0.00,1,1,jing3te6,,,,,0
352,jq3makca,,1,63,63,terminate,Results,2021-01-13 12:26:28.483861+00:00,1,,,0.00,352,1,4,16,9,Chrome Test,,11.0,8.0,72.0,-22.0,14.0,11.0,33.0,17.0,17.0,14.0,42.0,8.0,2,22,0,1,0.00,1,1,jing3te6,,,,,0
353,7elfpq8z,,1,63,63,terminate,Results,2021-01-13 12:26:28.508731+00:00,1,,,10.00,353,1,2,16,9,Chrome Test,,5.0,2.0,18.0,32.0,8.0,5.0,15.0,35.0,11.0,8.0,24.0,26.0,62,100,0,,0.00,1,1,jing3te6,,,,,0
354,n8wt7uu6,,1,63,63,terminate,Results,2021-01-13 12:26:28.531955+00:00,1,,,0.00,354,2,2,16,9,Chrome Test,,9.0,0.0,0.0,50.0,11.0,2.0,6.0,44.0,13.0,4.0,12.0,38.0,88,93,0,,0.00,1,1,jing3te6,,,,,0
355,8qkz5rpy,,1,63,63,terminate,Results,2021-01-13 12:26:28.556852+00:00,1,,,10.00,355,1,2,16,9,Chrome Test,,9.0,0.0,0.0,50.0,12.0,3.0,9.0,41.0,15.0,6.0,18.0,32.0,82,1,1,,0.00,1,1,jing3te6,,,,,0
356,vsd5090r,,1,63,63,terminate,Results,2021-01-13 12:26:28.579760+00:00,1,,,10.00,356,1,4,16,9,Chrome Test,,11.0,2.0,18.0,32.0,14.0,5.0,15.0,35.0,17.0,8.0,24.0,26.0,62,23,1,1,10.00,1,1,jing3te6,,,,,0
357,nkn93aa3,,1,63,63,terminate,Results,2021-01-13 12:26:28.602370+00:00,1,,,10.00,357,1,3,16,9,Chrome Test,,8.0,5.0,45.0,5.0,11.0,8.0,24.0,26.0,13.0,10.0,30.0,20.0,34,38,0,,0.00,1,1,jing3te6,,,,,0
358,rnu3y8wq,,1,63,63,terminate,Results,2021-01-13 12:26:28.626332+00:00,1,,,10.00,358,1,3,16,9,Chrome Test,,11.0,2.0,18.0,32.0,14.0,5.0,15.0,35.0,17.0,8.0,24.0,26.0,62,0,1,,0.00,1,1,jing3te6,,,,,0
359,k2q5e0zf,,1,63,63,terminate,Results,2021-01-13 12:26:28.650243+00:00,1,,,0.00,359,2,2,16,9,Chrome Test,,13.0,10.0,90.0,-40.0,15.0,12.0,36.0,14.0,16.0,13.0,39.0,11.0,0,15,0,1,0.00,1,1,jing3te6,,,,,0
360,pg6ptnpt,,1,63,63,terminate,Results,2021-01-13 12:26:28.675846+00:00,1,,,10.00,360,2,2,16,9,Chrome Test,,7.0,-2.0,6.0,44.0,8.0,-1.0,3.0,47.0,10.0,1.0,3.0,47.0,92,46,1,1,10.00,1,1,jing3te6,,,,,0
361,rrl0erxm,,1,63,63,terminate,Results,2021-01-13 12:26:28.698627+00:00,1,,,0.00,361,2,2,16,9,Chrome Test,,14.0,11.0,99.0,-49.0,15.0,12.0,36.0,14.0,18.0,15.0,45.0,5.0,0,93,0,,0.00,1,1,jing3te6,,,,,0
362,bk9yzvy7,,1,63,63,terminate,Results,2021-01-13 12:26:28.721985+00:00,1,,,10.00,362,2,1,16,9,Chrome Test,,13.0,4.0,36.0,14.0,15.0,6.0,18.0,32.0,17.0,8.0,24.0,26.0,48,50,0,,0.00,1,1,jing3te6,,,,,0
363,hryk5lnm,,1,63,63,terminate,Results,2021-01-13 12:26:28.744213+00:00,1,,,10.00,363,1,2,16,9,Chrome Test,,7.0,4.0,36.0,14.0,8.0,5.0,15.0,35.0,9.0,6.0,18.0,32.0,54,1,1,,0.00,1,1,jing3te6,,,,,0
364,4pt6clud,,1,63,63,terminate,Results,2021-01-13 12:26:28.768400+00:00,1,,,0.00,364,2,2,16,9,Chrome Test,,9.0,6.0,54.0,-4.0,12.0,9.0,27.0,23.0,14.0,11.0,33.0,17.0,24,63,0,,0.00,1,1,jing3te6,,,,,0
365,fwmeyd28,,1,63,63,terminate,Results,2021-01-13 12:26:28.791678+00:00,1,,,0.00,365,2,3,16,9,Chrome Test,,11.0,8.0,72.0,-22.0,14.0,11.0,33.0,17.0,16.0,13.0,39.0,11.0,4,45,0,1,0.00,1,1,jing3te6,,,,,0
366,huuxkuz7,,1,63,63,terminate,Results,2021-01-13 12:26:28.814369+00:00,1,,,0.00,366,2,4,16,9,Chrome Test,,10.0,1.0,9.0,41.0,13.0,4.0,12.0,38.0,14.0,5.0,15.0,35.0,76,77,0,1,0.00,1,1,jing3te6,,,,,0
367,4irmxi99,,1,63,63,terminate,Results,2021-01-13 12:26:28.837119+00:00,1,,,0.00,367,1,4,16,9,Chrome Test,,14.0,11.0,99.0,-49.0,15.0,12.0,36.0,14.0,18.0,15.0,45.0,5.0,0,44,0,,0.00,1,1,jing3te6,,,,,0
368,j6vqn4x0,,1,63,63,terminate,Results,2021-01-13 12:26:28.861707+00:00,1,,,0.00,368,1,4,16,9,Chrome Test,,14.0,11.0,99.0,-49.0,15.0,12.0,36.0,14.0,16.0,13.0,39.0,11.0,0,59,0,1,0.00,1,1,jing3te6,,,,,0
369,0s9hiltm,,1,63,63,terminate,Results,2021-01-13 12:26:28.885102+00:00,1,,,0.00,369,2,1,16,9,Chrome Test,,13.0,4.0,36.0,14.0,16.0,7.0,21.0,29.0,17.0,8.0,24.0,26.0,46,42,1,,0.00,1,1,jing3te6,,,,,0
370,6nnmee7c,,1,63,63,terminate,Results,2021-01-13 12:26:28.907092+00:00,1,,,10.00,370,1,3,16,9,Chrome Test,,9.0,6.0,54.0,-4.0,10.0,7.0,21.0,29.0,11.0,8.0,24.0,26.0,34,17,1,1,10.00,1,1,jing3te6,,,,,0
371,a8v6jtyb,,1,63,63,terminate,Results,2021-01-13 12:26:28.929733+00:00,1,,,10.00,371,2,2,16,9,Chrome Test,,9.0,0.0,0.0,50.0,12.0,3.0,9.0,41.0,14.0,5.0,15.0,35.0,84,67,1,,0.00,1,1,jing3te6,,,,,0
372,r74yisd7,,1,63,63,terminate,Results,2021-01-13 12:26:28.952258+00:00,1,,,10.00,372,2,1,16,9,Chrome Test,,12.0,3.0,27.0,23.0,15.0,6.0,18.0,32.0,17.0,8.0,24.0,26.0,54,86,0,,0.00,1,1,jing3te6,,,,,0
373,e6xfneum,,1,63,63,terminate,Results,2021-01-13 12:26:28.975540+00:00,1,,,10.00,373,2,3,16,9,Chrome Test,,14.0,11.0,99.0,-49.0,16.0,13.0,39.0,11.0,19.0,16.0,48.0,2.0,0,77,0,,0.00,1,1,jing3te6,,,,,0
374,mqjkrw9o,,1,63,63,terminate,Results,2021-01-13 12:26:28.998285+00:00,1,,,0.00,374,2,2,16,9,Chrome Test,,7.0,-2.0,6.0,44.0,10.0,1.0,3.0,47.0,13.0,4.0,12.0,38.0,86,69,1,,0.00,1,1,jing3te6,,,,,0
375,zwm8xs4z,,1,63,63,terminate,Results,2021-01-13 12:26:29.021779+00:00,1,,,10.00,375,2,3,16,9,Chrome Test,,8.0,-1.0,3.0,47.0,9.0,0.0,0.0,50.0,11.0,2.0,6.0,44.0,94,83,1,,0.00,1,1,jing3te6,,,,,0
376,558d6bpr,,1,63,63,terminate,Results,2021-01-13 12:26:29.044544+00:00,1,,,10.00,376,2,4,16,9,Chrome Test,,14.0,5.0,45.0,5.0,16.0,7.0,21.0,29.0,19.0,10.0,30.0,20.0,36,69,0,,0.00,1,1,jing3te6,,,,,0
377,7t033rkl,,1,63,63,terminate,Results,2021-01-13 12:26:29.068564+00:00,1,,,10.00,377,1,2,16,9,Chrome Test,,8.0,5.0,45.0,5.0,9.0,6.0,18.0,32.0,10.0,7.0,21.0,29.0,44,13,1,1,10.00,1,1,jing3te6,,,,,0
378,i290iz4u,,1,63,63,terminate,Results,2021-01-13 12:26:29.091206+00:00,1,,,10.00,378,2,4,16,9,Chrome Test,,10.0,1.0,9.0,41.0,11.0,2.0,6.0,44.0,12.0,3.0,9.0,41.0,84,66,1,,0.00,1,1,jing3te6,,,,,0
379,olkr5ke9,,1,63,63,terminate,Results,2021-01-13 12:26:29.113618+00:00,1,,,10.00,379,1,3,16,9,Chrome Test,,6.0,3.0,27.0,23.0,8.0,5.0,15.0,35.0,9.0,6.0,18.0,32.0,60,51,1,,0.00,1,1,jing3te6,,,,,0
380,ch4h1xns,,1,63,63,terminate,Results,2021-01-13 12:26:29.135803+00:00,1,,,0.00,380,1,3,16,9,Chrome Test,,6.0,-3.0,9.0,41.0,9.0,0.0,0.0,50.0,10.0,1.0,3.0,47.0,92,64,1,,0.00,1,1,jing3te6,,,,,0
381,zcifujh3,,1,63,63,terminate,Results,2021-01-13 12:26:29.158917+00:00,1,,,0.00,381,2,3,16,9,Chrome Test,,11.0,8.0,72.0,-22.0,13.0,10.0,30.0,20.0,16.0,13.0,39.0,11.0,6,70,0,,0.00,1,1,jing3te6,,,,,0
382,ij51rst4,,1,63,63,terminate,Results,2021-01-13 12:26:29.181607+00:00,1,,,10.00,382,2,2,16,9,Chrome Test,,6.0,3.0,27.0,23.0,9.0,6.0,18.0,32.0,10.0,7.0,21.0,29.0,57,22,1,,0.00,1,1,jing3te6,,,,,0
383,8bvs6wmd,,1,63,63,terminate,Results,2021-01-13 12:26:29.203726+00:00,1,,,10.00,383,2,2,16,9,Chrome Test,,15.0,6.0,54.0,-4.0,16.0,7.0,21.0,29.0,18.0,9.0,27.0,23.0,32,21,1,,0.00,1,1,jing3te6,,,,,0
384,8570x111,,1,63,63,terminate,Results,2021-01-13 12:26:29.226673+00:00,1,,,10.00,384,1,4,16,9,Chrome Test,,8.0,-1.0,3.0,47.0,9.0,0.0,0.0,50.0,12.0,3.0,9.0,41.0,92,29,1,,0.00,1,1,jing3te6,,,,,0
385,wkpr7e9x,,1,63,63,terminate,Results,2021-01-13 12:26:29.250684+00:00,1,,,0.00,385,2,1,16,9,Chrome Test,,13.0,4.0,36.0,14.0,14.0,5.0,15.0,35.0,16.0,7.0,21.0,29.0,52,26,1,,0.00,1,1,jing3te6,,,,,0
386,xjqdl2vy,,1,63,63,terminate,Results,2021-01-13 12:26:29.273646+00:00,1,,,0.00,386,2,2,16,9,Chrome Test,,13.0,4.0,36.0,14.0,15.0,6.0,18.0,32.0,17.0,8.0,24.0,26.0,48,58,0,,0.00,1,1,jing3te6,,,,,0
387,q43gqx4b,,1,63,63,terminate,Results,2021-01-13 12:26:29.296626+00:00,1,,,0.00,387,2,2,16,9,Chrome Test,,9.0,6.0,54.0,-4.0,12.0,9.0,27.0,23.0,15.0,12.0,36.0,14.0,22,83,0,,0.00,1,1,jing3te6,,,,,0
388,v0qcn17f,,1,63,63,terminate,Results,2021-01-13 12:26:29.319765+00:00,1,,,10.00,388,1,2,16,9,Chrome Test,,13.0,4.0,36.0,14.0,15.0,6.0,18.0,32.0,18.0,9.0,27.0,23.0,46,0,1,,0.00,1,1,jing3te6,,,,,0
389,r7s75oko,,1,63,63,terminate,Results,2021-01-13 12:26:29.341962+00:00,1,,,0.00,389,1,1,16,9,Chrome Test,,15.0,6.0,54.0,-4.0,16.0,7.0,21.0,29.0,18.0,9.0,27.0,23.0,32,100,0,,0.00,1,1,jing3te6,,,,,0
390,tdg5tc46,,1,63,63,terminate,Results,2021-01-13 12:26:29.365603+00:00,1,,,10.00,390,2,2,16,9,Chrome Test,,13.0,4.0,36.0,14.0,15.0,6.0,18.0,32.0,17.0,8.0,24.0,26.0,48,22,1,,0.00,1,1,jing3te6,,,,,0
391,mw1kn15v,,1,63,63,terminate,Results,2021-01-13 12:26:29.388521+00:00,1,,,0.00,391,2,4,16,9,Chrome Test,,11.0,8.0,72.0,-22.0,12.0,9.0,27.0,23.0,15.0,12.0,36.0,14.0,10,86,0,1,0.00,1,1,jing3te6,,,,,0
392,fnf49v8p,,1,63,63,terminate,Results,2021-01-13 12:26:29.410893+00:00,1,,,10.00,392,2,3,16,9,Chrome Test,,13.0,4.0,36.0,14.0,14.0,5.0,15.0,35.0,15.0,6.0,18.0,32.0,54,8,1,,0.00,1,1,jing3te6,,,,,0
393,o74gwsle,,1,63,63,terminate,Results,2021-01-13 12:26:29.433905+00:00,1,,,10.00,393,2,4,16,9,Chrome Test,,6.0,3.0,27.0,23.0,9.0,6.0,18.0,32.0,11.0,8.0,24.0,26.0,54,4,1,,0.00,1,1,jing3te6,,,,,0
394,bhhejg45,,1,63,63,terminate,Results,2021-01-13 12:26:29.456626+00:00,1,,,10.00,394,2,1,16,9,Chrome Test,,8.0,-1.0,3.0,47.0,10.0,1.0,3.0,47.0,11.0,2.0,6.0,44.0,92,92,0,,0.00,1,1,jing3te6,,,,,0
395,kivzsznh,,1,63,63,terminate,Results,2021-01-13 12:26:29.480304+00:00,1,,,10.00,395,1,1,16,9,Chrome Test,,7.0,-2.0,6.0,44.0,9.0,0.0,0.0,50.0,11.0,2.0,6.0,44.0,92,70,1,,0.00,1,1,jing3te6,,,,,0
396,p0mw6dkf,,1,63,63,terminate,Results,2021-01-13 12:26:29.507015+00:00,1,,,10.00,396,1,1,16,9,Chrome Test,,12.0,3.0,27.0,23.0,14.0,5.0,15.0,35.0,16.0,7.0,21.0,29.0,58,40,1,,0.00,1,1,jing3te6,,,,,0
397,3kmb65vw,,1,63,63,terminate,Results,2021-01-13 12:26:29.532871+00:00,1,,,0.00,397,2,4,16,9,Chrome Test,,10.0,7.0,63.0,-13.0,11.0,8.0,24.0,26.0,13.0,10.0,30.0,20.0,22,28,0,1,0.00,1,1,jing3te6,,,,,0
398,g9f679hg,,1,63,63,terminate,Results,2021-01-13 12:26:29.555611+00:00,1,,,0.00,398,2,2,16,9,Chrome Test,,14.0,5.0,45.0,5.0,15.0,6.0,18.0,32.0,17.0,8.0,24.0,26.0,42,48,0,,0.00,1,1,jing3te6,,,,,0
399,kufng4ef,,1,63,63,terminate,Results,2021-01-13 12:26:29.579938+00:00,1,,,10.00,399,1,1,16,9,Chrome Test,,11.0,2.0,18.0,32.0,12.0,3.0,9.0,41.0,15.0,6.0,18.0,32.0,70,60,1,,0.00,1,1,jing3te6,,,,,0
400,pr7twc6s,,1,63,63,terminate,Results,2021-01-13 12:26:29.602389+00:00,1,,,0.00,400,1,1,16,9,Chrome Test,,11.0,2.0,18.0,32.0,12.0,3.0,9.0,41.0,14.0,5.0,15.0,35.0,72,10,1,,0.00,1,1,jing3te6,,,,,0
401,im1ndtaz,,1,63,63,terminate,Results,2021-01-13 12:26:29.626125+00:00,1,,,10.00,401,1,4,16,9,Chrome Test,,7.0,-2.0,6.0,44.0,10.0,1.0,3.0,47.0,12.0,3.0,9.0,41.0,88,55,1,,0.00,1,1,jing3te6,,,,,0
402,nv3tv40y,,1,63,63,terminate,Results,2021-01-13 12:26:29.649419+00:00,1,,,10.00,402,2,4,16,9,Chrome Test,,9.0,6.0,54.0,-4.0,12.0,9.0,27.0,23.0,14.0,11.0,33.0,17.0,24,61,0,,0.00,1,1,jing3te6,,,,,0
403,buuzgj6n,,1,63,63,terminate,Results,2021-01-13 12:26:29.672871+00:00,1,,,10.00,403,2,1,16,9,Chrome Test,,11.0,2.0,18.0,32.0,14.0,5.0,15.0,35.0,15.0,6.0,18.0,32.0,66,27,1,,0.00,1,1,jing3te6,,,,,0
404,2d4z4456,,1,63,63,terminate,Results,2021-01-13 12:26:29.695952+00:00,1,,,0.00,404,1,3,16,9,Chrome Test,,13.0,4.0,36.0,14.0,14.0,5.0,15.0,35.0,17.0,8.0,24.0,26.0,50,77,0,,0.00,1,1,jing3te6,,,,,0
405,m4dx9hxv,,1,63,63,terminate,Results,2021-01-13 12:26:29.718322+00:00,1,,,10.00,405,1,1,16,9,Chrome Test,,6.0,-3.0,9.0,41.0,9.0,0.0,0.0,50.0,10.0,1.0,3.0,47.0,92,77,1,1,10.00,1,1,jing3te6,,,,,0
406,9m73sig7,,1,63,63,terminate,Results,2021-01-13 12:26:29.741323+00:00,1,,,0.00,406,1,3,16,9,Chrome Test,,11.0,8.0,72.0,-22.0,13.0,10.0,30.0,20.0,15.0,12.0,36.0,14.0,8,58,0,,0.00,1,1,jing3te6,,,,,0
407,j09k2lom,,1,63,63,terminate,Results,2021-01-13 12:26:29.764855+00:00,1,,,10.00,407,2,4,16,9,Chrome Test,,11.0,2.0,18.0,32.0,14.0,5.0,15.0,35.0,15.0,6.0,18.0,32.0,66,47,1,,0.00,1,1,jing3te6,,,,,0
408,tx0w4azy,,1,63,63,terminate,Results,2021-01-13 12:26:29.788925+00:00,1,,,10.00,408,2,4,16,9,Chrome Test,,7.0,-2.0,6.0,44.0,9.0,0.0,0.0,50.0,10.0,1.0,3.0,47.0,94,52,1,,0.00,1,1,jing3te6,,,,,0
409,tnek7qlq,,1,63,63,terminate,Results,2021-01-13 12:26:29.810991+00:00,1,,,0.00,409,1,1,16,9,Chrome Test,,9.0,0.0,0.0,50.0,12.0,3.0,9.0,41.0,13.0,4.0,12.0,38.0,86,56,1,,0.00,1,1,jing3te6,,,,,0
410,tjgcp58a,,1,63,63,terminate,Results,2021-01-13 12:26:29.834021+00:00,1,,,10.00,410,2,3,16,9,Chrome Test,,15.0,6.0,54.0,-4.0,16.0,7.0,21.0,29.0,18.0,9.0,27.0,23.0,32,56,0,,0.00,1,1,jing3te6,,,,,0
411,o0ys9rv2,,1,63,63,terminate,Results,2021-01-13 12:26:29.857373+00:00,1,,,0.00,411,1,2,16,9,Chrome Test,,9.0,6.0,54.0,-4.0,12.0,9.0,27.0,23.0,14.0,11.0,33.0,17.0,24,23,1,,0.00,1,1,jing3te6,,,,,0
412,0viaejex,,1,63,63,terminate,Results,2021-01-13 12:26:29.881665+00:00,1,,,0.00,412,2,2,16,9,Chrome Test,,7.0,-2.0,6.0,44.0,10.0,1.0,3.0,47.0,13.0,4.0,12.0,38.0,86,12,1,,0.00,1,1,jing3te6,,,,,0
413,eus8fid8,,1,63,63,terminate,Results,2021-01-13 12:26:29.904720+00:00,1,,,10.00,413,1,1,16,9,Chrome Test,,7.0,4.0,36.0,14.0,10.0,7.0,21.0,29.0,11.0,8.0,24.0,26.0,46,90,0,,0.00,1,1,jing3te6,,,,,0
414,d9zvj425,,1,63,63,terminate,Results,2021-01-13 12:26:29.927750+00:00,1,,,0.00,414,2,2,16,9,Chrome Test,,8.0,5.0,45.0,5.0,9.0,6.0,18.0,32.0,10.0,7.0,21.0,29.0,44,2,1,,0.00,1,1,jing3te6,,,,,0
415,xr0sazdj,,1,63,63,terminate,Results,2021-01-13 12:26:29.949905+00:00,1,,,0.00,415,2,3,16,9,Chrome Test,,6.0,-3.0,9.0,41.0,9.0,0.0,0.0,50.0,11.0,2.0,6.0,44.0,90,88,1,,0.00,1,1,jing3te6,,,,,0
416,wtf0zc0e,,1,63,63,terminate,Results,2021-01-13 12:26:29.973492+00:00,1,,,10.00,416,2,1,16,9,Chrome Test,,7.0,-2.0,6.0,44.0,10.0,1.0,3.0,47.0,13.0,4.0,12.0,38.0,86,88,0,,0.00,1,1,jing3te6,,,,,0
417,72jft2pk,,1,63,63,terminate,Results,2021-01-13 12:26:30.206360+00:00,1,,,0.00,417,2,2,16,9,Chrome Test,,9.0,6.0,54.0,-4.0,10.0,7.0,21.0,29.0,12.0,9.0,27.0,23.0,32,85,0,1,0.00,1,1,jing3te6,,,,,0
418,065gtghe,,1,63,63,terminate,Results,2021-01-13 12:26:30.237238+00:00,1,,,10.00,418,1,4,16,9,Chrome Test,,8.0,-1.0,3.0,47.0,11.0,2.0,6.0,44.0,13.0,4.0,12.0,38.0,86,65,1,1,10.00,1,1,jing3te6,,,,,0
419,bhm1jg6g,,1,63,63,terminate,Results,2021-01-13 12:26:30.263655+00:00,1,,,10.00,419,2,2,16,9,Chrome Test,,10.0,1.0,9.0,41.0,12.0,3.0,9.0,41.0,13.0,4.0,12.0,38.0,80,76,1,,0.00,1,1,jing3te6,,,,,0
420,5yfurz3a,,1,63,63,terminate,Results,2021-01-13 12:26:30.287112+00:00,1,,,10.00,420,2,4,16,9,Chrome Test,,7.0,4.0,36.0,14.0,8.0,5.0,15.0,35.0,10.0,7.0,21.0,29.0,52,83,0,,0.00,1,1,jing3te6,,,,,0
421,gkh4zlde,,1,63,63,terminate,Results,2021-01-13 12:26:30.310448+00:00,1,,,0.00,421,1,4,16,9,Chrome Test,,12.0,9.0,81.0,-31.0,15.0,12.0,36.0,14.0,16.0,13.0,39.0,11.0,0,100,0,,0.00,1,1,jing3te6,,,,,0
422,bp0por6q,,1,63,63,terminate,Results,2021-01-13 12:26:30.332902+00:00,1,,,0.00,422,1,3,16,9,Chrome Test,,12.0,9.0,81.0,-31.0,15.0,12.0,36.0,14.0,17.0,14.0,42.0,8.0,0,33,0,,0.00,1,1,jing3te6,,,,,0
423,k649kbvb,,1,63,63,terminate,Results,2021-01-13 12:26:30.356004+00:00,1,,,10.00,423,2,1,16,9,Chrome Test,,14.0,5.0,45.0,5.0,16.0,7.0,21.0,29.0,19.0,10.0,30.0,20.0,36,7,1,,0.00,1,1,jing3te6,,,,,0
424,a75qji36,,1,63,63,terminate,Results,2021-01-13 12:26:30.378912+00:00,1,,,10.00,424,2,2,16,9,Chrome Test,,14.0,5.0,45.0,5.0,16.0,7.0,21.0,29.0,18.0,9.0,27.0,23.0,38,67,0,,0.00,1,1,jing3te6,,,,,0
425,o1c6582d,,1,63,63,terminate,Results,2021-01-13 12:26:30.402733+00:00,1,,,10.00,425,1,4,16,9,Chrome Test,,7.0,-2.0,6.0,44.0,8.0,-1.0,3.0,47.0,9.0,0.0,0.0,50.0,94,56,1,1,10.00,1,1,jing3te6,,,,,0
426,jm1krghp,,1,63,63,terminate,Results,2021-01-13 12:26:30.425382+00:00,1,,,10.00,426,1,2,16,9,Chrome Test,,10.0,1.0,9.0,41.0,11.0,2.0,6.0,44.0,12.0,3.0,9.0,41.0,84,1,1,,0.00,1,1,jing3te6,,,,,0
427,n1n5po61,,1,63,63,terminate,Results,2021-01-13 12:26:30.448553+00:00,1,,,0.00,427,2,3,16,9,Chrome Test,,12.0,9.0,81.0,-31.0,14.0,11.0,33.0,17.0,15.0,12.0,36.0,14.0,0,75,0,,0.00,1,1,jing3te6,,,,,0
428,s6m0t6ng,,1,63,63,terminate,Results,2021-01-13 12:26:30.471499+00:00,1,,,10.00,428,2,4,16,9,Chrome Test,,12.0,3.0,27.0,23.0,14.0,5.0,15.0,35.0,15.0,6.0,18.0,32.0,60,35,1,,0.00,1,1,jing3te6,,,,,0
429,5mqar9tv,,1,63,63,terminate,Results,2021-01-13 12:26:30.494410+00:00,1,,,10.00,429,1,2,16,9,Chrome Test,,14.0,5.0,45.0,5.0,16.0,7.0,21.0,29.0,17.0,8.0,24.0,26.0,40,15,1,1,10.00,1,1,jing3te6,,,,,0
430,smijn1iz,,1,63,63,terminate,Results,2021-01-13 12:26:30.517526+00:00,1,,,10.00,430,2,3,16,9,Chrome Test,,7.0,4.0,36.0,14.0,10.0,7.0,21.0,29.0,13.0,10.0,30.0,20.0,42,72,0,,0.00,1,1,jing3te6,,,,,0
431,f5jdy9ii,,1,63,63,terminate,Results,2021-01-13 12:26:30.540839+00:00,1,,,0.00,431,2,3,16,9,Chrome Test,,5.0,2.0,18.0,32.0,8.0,5.0,15.0,35.0,9.0,6.0,18.0,32.0,66,48,1,,0.00,1,1,jing3te6,,,,,0
432,xwpk735h,,1,63,63,terminate,Results,2021-01-13 12:26:30.563546+00:00,1,,,0.00,432,1,3,16,9,Chrome Test,,6.0,3.0,27.0,23.0,9.0,6.0,18.0,32.0,12.0,9.0,27.0,23.0,52,89,0,,0.00,1,1,jing3te6,,,,,0
433,y6a6xhu1,,1,63,63,terminate,Results,2021-01-13 12:26:30.586618+00:00,1,,,0.00,433,2,4,16,9,Chrome Test,,12.0,9.0,81.0,-31.0,14.0,11.0,33.0,17.0,16.0,13.0,39.0,11.0,0,91,0,,0.00,1,1,jing3te6,,,,,0
434,g6c1i4e7,,1,63,63,terminate,Results,2021-01-13 12:26:30.609647+00:00,1,,,10.00,434,2,2,16,9,Chrome Test,,13.0,10.0,90.0,-40.0,16.0,13.0,39.0,11.0,18.0,15.0,45.0,5.0,0,33,0,,0.00,1,1,jing3te6,,,,,0
435,t82xklyw,,1,63,63,terminate,Results,2021-01-13 12:26:30.632123+00:00,1,,,0.00,435,2,3,16,9,Chrome Test,,8.0,5.0,45.0,5.0,9.0,6.0,18.0,32.0,12.0,9.0,27.0,23.0,40,96,0,1,0.00,1,1,jing3te6,,,,,0
436,qk2hgec7,,1,63,63,terminate,Results,2021-01-13 12:26:30.654243+00:00,1,,,10.00,436,2,1,16,9,Chrome Test,,11.0,2.0,18.0,32.0,12.0,3.0,9.0,41.0,13.0,4.0,12.0,38.0,74,11,1,,0.00,1,1,jing3te6,,,,,0
437,0dlhw4rd,,1,63,63,terminate,Results,2021-01-13 12:26:30.676785+00:00,1,,,10.00,437,1,2,16,9,Chrome Test,,11.0,8.0,72.0,-22.0,13.0,10.0,30.0,20.0,15.0,12.0,36.0,14.0,8,77,0,,0.00,1,1,jing3te6,,,,,0
438,19jhvnie,,1,63,63,terminate,Results,2021-01-13 12:26:30.699763+00:00,1,,,0.00,438,2,1,16,9,Chrome Test,,12.0,9.0,81.0,-31.0,14.0,11.0,33.0,17.0,17.0,14.0,42.0,8.0,0,19,0,,0.00,1,1,jing3te6,,,,,0
439,kapwgdc8,,1,63,63,terminate,Results,2021-01-13 12:26:30.722441+00:00,1,,,10.00,439,2,4,16,9,Chrome Test,,14.0,11.0,99.0,-49.0,15.0,12.0,36.0,14.0,18.0,15.0,45.0,5.0,0,80,0,,0.00,1,1,jing3te6,,,,,0
440,qjla9a53,,1,63,63,terminate,Results,2021-01-13 12:26:30.745288+00:00,1,,,0.00,440,2,3,16,9,Chrome Test,,11.0,8.0,72.0,-22.0,12.0,9.0,27.0,23.0,15.0,12.0,36.0,14.0,10,96,0,1,0.00,1,1,jing3te6,,,,,0
441,qxt2xplu,,1,63,63,terminate,Results,2021-01-13 12:26:30.769682+00:00,1,,,0.00,441,2,3,16,9,Chrome Test,,12.0,9.0,81.0,-31.0,13.0,10.0,30.0,20.0,14.0,11.0,33.0,17.0,4,17,0,,0.00,1,1,jing3te6,,,,,0
442,ur30sdp8,,1,63,63,terminate,Results,2021-01-13 12:26:30.792819+00:00,1,,,0.00,442,2,4,16,9,Chrome Test,,5.0,2.0,18.0,32.0,8.0,5.0,15.0,35.0,11.0,8.0,24.0,26.0,62,96,0,,0.00,1,1,jing3te6,,,,,0
443,zulxoliu,,1,63,63,terminate,Results,2021-01-13 12:26:30.815960+00:00,1,,,10.00,443,1,1,16,9,Chrome Test,,9.0,6.0,54.0,-4.0,10.0,7.0,21.0,29.0,13.0,10.0,30.0,20.0,30,15,1,,0.00,1,1,jing3te6,,,,,0
444,bsm0mnfm,,1,63,63,terminate,Results,2021-01-13 12:26:30.838602+00:00,1,,,0.00,444,1,4,16,9,Chrome Test,,15.0,12.0,108.0,-58.0,16.0,13.0,39.0,11.0,18.0,15.0,45.0,5.0,0,8,0,,0.00,1,1,jing3te6,,,,,0
445,o27ykbpn,,1,63,63,terminate,Results,2021-01-13 12:26:30.861064+00:00,1,,,0.00,445,1,4,16,9,Chrome Test,,9.0,0.0,0.0,50.0,11.0,2.0,6.0,44.0,14.0,5.0,15.0,35.0,86,98,0,1,0.00,1,1,jing3te6,,,,,0
446,gahnwt6c,,1,63,63,terminate,Results,2021-01-13 12:26:30.883596+00:00,1,,,10.00,446,2,2,16,9,Chrome Test,,8.0,-1.0,3.0,47.0,11.0,2.0,6.0,44.0,12.0,3.0,9.0,41.0,88,1,1,,0.00,1,1,jing3te6,,,,,0
447,txdtf28c,,1,63,63,terminate,Results,2021-01-13 12:26:30.906811+00:00,1,,,10.00,447,1,4,16,9,Chrome Test,,10.0,7.0,63.0,-13.0,12.0,9.0,27.0,23.0,15.0,12.0,36.0,14.0,16,4,1,1,10.00,1,1,jing3te6,,,,,0
448,gb0qz7up,,1,63,63,terminate,Results,2021-01-13 12:26:30.929710+00:00,1,,,0.00,448,1,2,16,9,Chrome Test,,5.0,-4.0,12.0,38.0,8.0,-1.0,3.0,47.0,11.0,2.0,6.0,44.0,86,9,1,,0.00,1,1,jing3te6,,,,,0
449,a2h952jj,,1,63,63,terminate,Results,2021-01-13 12:26:30.952728+00:00,1,,,0.00,449,1,2,16,9,Chrome Test,,13.0,10.0,90.0,-40.0,16.0,13.0,39.0,11.0,18.0,15.0,45.0,5.0,0,92,0,1,0.00,1,1,jing3te6,,,,,0
450,igz9yd9i,,1,63,63,terminate,Results,2021-01-13 12:26:30.975286+00:00,1,,,0.00,450,2,2,16,9,Chrome Test,,14.0,5.0,45.0,5.0,15.0,6.0,18.0,32.0,17.0,8.0,24.0,26.0,42,21,1,,0.00,1,1,jing3te6,,,,,0
451,p2jmfqjg,,1,63,63,terminate,Results,2021-01-13 12:26:30.998604+00:00,1,,,0.00,451,1,2,16,9,Chrome Test,,9.0,6.0,54.0,-4.0,11.0,8.0,24.0,26.0,12.0,9.0,27.0,23.0,30,99,0,,0.00,1,1,jing3te6,,,,,0
452,q8e6vmo4,,1,63,63,terminate,Results,2021-01-13 12:26:31.021085+00:00,1,,,10.00,452,2,3,16,9,Chrome Test,,12.0,3.0,27.0,23.0,13.0,4.0,12.0,38.0,14.0,5.0,15.0,35.0,64,41,1,,0.00,1,1,jing3te6,,,,,0
453,nmrjx18u,,1,63,63,terminate,Results,2021-01-13 12:26:31.043202+00:00,1,,,0.00,453,2,1,16,9,Chrome Test,,14.0,5.0,45.0,5.0,15.0,6.0,18.0,32.0,18.0,9.0,27.0,23.0,40,69,0,,0.00,1,1,jing3te6,,,,,0
454,rjw2jf81,,1,63,63,terminate,Results,2021-01-13 12:26:31.066130+00:00,1,,,0.00,454,2,3,16,9,Chrome Test,,7.0,4.0,36.0,14.0,10.0,7.0,21.0,29.0,11.0,8.0,24.0,26.0,46,44,1,,0.00,1,1,jing3te6,,,,,0
455,o24oozio,,1,63,63,terminate,Results,2021-01-13 12:26:31.088438+00:00,1,,,10.00,455,2,3,16,9,Chrome Test,,9.0,6.0,54.0,-4.0,10.0,7.0,21.0,29.0,11.0,8.0,24.0,26.0,34,2,1,,0.00,1,1,jing3te6,,,,,0
456,9fqkhwgy,,1,63,63,terminate,Results,2021-01-13 12:26:31.111206+00:00,1,,,10.00,456,1,4,16,9,Chrome Test,,6.0,3.0,27.0,23.0,8.0,5.0,15.0,35.0,9.0,6.0,18.0,32.0,60,67,0,,0.00,1,1,jing3te6,,,,,0
457,trod29w3,,1,63,63,terminate,Results,2021-01-13 12:26:31.135415+00:00,1,,,10.00,457,2,3,16,9,Chrome Test,,5.0,-4.0,12.0,38.0,8.0,-1.0,3.0,47.0,10.0,1.0,3.0,47.0,88,4,1,1,10.00,1,1,jing3te6,,,,,0
458,jx0xjpbw,,1,63,63,terminate,Results,2021-01-13 12:26:31.158123+00:00,1,,,10.00,458,1,4,16,9,Chrome Test,,8.0,-1.0,3.0,47.0,10.0,1.0,3.0,47.0,13.0,4.0,12.0,38.0,88,17,1,,0.00,1,1,jing3te6,,,,,0
459,vwv9lmu7,,1,63,63,terminate,Results,2021-01-13 12:26:31.180945+00:00,1,,,0.00,459,2,2,16,9,Chrome Test,,14.0,11.0,99.0,-49.0,15.0,12.0,36.0,14.0,16.0,13.0,39.0,11.0,0,52,0,1,0.00,1,1,jing3te6,,,,,0
460,0tz7iy09,,1,63,63,terminate,Results,2021-01-13 12:26:31.203937+00:00,1,,,10.00,460,2,2,16,9,Chrome Test,,15.0,12.0,108.0,-58.0,16.0,13.0,39.0,11.0,17.0,14.0,42.0,8.0,0,83,0,,0.00,1,1,jing3te6,,,,,0
461,nd4s0kvl,,1,63,63,terminate,Results,2021-01-13 12:26:31.228792+00:00,1,,,0.00,461,1,4,16,9,Chrome Test,,15.0,6.0,54.0,-4.0,16.0,7.0,21.0,29.0,17.0,8.0,24.0,26.0,34,12,1,,0.00,1,1,jing3te6,,,,,0
462,qewd5t45,,1,63,63,terminate,Results,2021-01-13 12:26:31.251489+00:00,1,,,10.00,462,1,2,16,9,Chrome Test,,13.0,4.0,36.0,14.0,15.0,6.0,18.0,32.0,16.0,7.0,21.0,29.0,50,26,1,1,10.00,1,1,jing3te6,,,,,0
463,0oapz33q,,1,63,63,terminate,Results,2021-01-13 12:26:31.275190+00:00,1,,,0.00,463,2,4,16,9,Chrome Test,,7.0,-2.0,6.0,44.0,8.0,-1.0,3.0,47.0,10.0,1.0,3.0,47.0,92,94,0,,0.00,1,1,jing3te6,,,,,0
464,qt4an3ow,,1,63,63,terminate,Results,2021-01-13 12:26:31.298806+00:00,1,,,0.00,464,2,3,16,9,Chrome Test,,10.0,7.0,63.0,-13.0,13.0,10.0,30.0,20.0,14.0,11.0,33.0,17.0,16,95,0,1,0.00,1,1,jing3te6,,,,,0
465,y6e9nb1m,,1,63,63,terminate,Results,2021-01-13 12:26:31.321195+00:00,1,,,10.00,465,1,3,16,9,Chrome Test,,11.0,2.0,18.0,32.0,12.0,3.0,9.0,41.0,14.0,5.0,15.0,35.0,72,75,0,,0.00,1,1,jing3te6,,,,,0
466,1emo3hnu,,1,63,63,terminate,Results,2021-01-13 12:26:31.343465+00:00,1,,,10.00,466,2,2,16,9,Chrome Test,,14.0,5.0,45.0,5.0,16.0,7.0,21.0,29.0,17.0,8.0,24.0,26.0,40,37,1,1,10.00,1,1,jing3te6,,,,,0
467,of0es59d,,1,63,63,terminate,Results,2021-01-13 12:26:31.365732+00:00,1,,,0.00,467,2,3,16,9,Chrome Test,,9.0,6.0,54.0,-4.0,12.0,9.0,27.0,23.0,14.0,11.0,33.0,17.0,24,83,0,1,0.00,1,1,jing3te6,,,,,0
468,xrj6sfnv,,1,63,63,terminate,Results,2021-01-13 12:26:31.388141+00:00,1,,,10.00,468,2,1,16,9,Chrome Test,,11.0,2.0,18.0,32.0,12.0,3.0,9.0,41.0,15.0,6.0,18.0,32.0,70,22,1,,0.00,1,1,jing3te6,,,,,0
469,2v9xe1jk,,1,63,63,terminate,Results,2021-01-13 12:26:31.411568+00:00,1,,,10.00,469,1,3,16,9,Chrome Test,,8.0,5.0,45.0,5.0,10.0,7.0,21.0,29.0,12.0,9.0,27.0,23.0,38,82,0,,0.00,1,1,jing3te6,,,,,0
470,9z7vzppr,,1,63,63,terminate,Results,2021-01-13 12:26:31.434208+00:00,1,,,0.00,470,2,3,16,9,Chrome Test,,13.0,10.0,90.0,-40.0,14.0,11.0,33.0,17.0,17.0,14.0,42.0,8.0,0,48,0,1,0.00,1,1,jing3te6,,,,,0
471,wwy5q3yk,,1,63,63,terminate,Results,2021-01-13 12:26:31.458847+00:00,1,,,0.00,471,1,1,16,9,Chrome Test,,10.0,1.0,9.0,41.0,12.0,3.0,9.0,41.0,15.0,6.0,18.0,32.0,76,68,1,,0.00,1,1,jing3te6,,,,,0
472,m2f92en9,,1,63,63,terminate,Results,2021-01-13 12:26:31.482631+00:00,1,,,10.00,472,2,4,16,9,Chrome Test,,6.0,-3.0,9.0,41.0,8.0,-1.0,3.0,47.0,11.0,2.0,6.0,44.0,88,35,1,1,10.00,1,1,jing3te6,,,,,0
473,3ojc26vu,,1,63,63,terminate,Results,2021-01-13 12:26:31.505730+00:00,1,,,10.00,473,2,1,16,9,Chrome Test,,11.0,8.0,72.0,-22.0,14.0,11.0,33.0,17.0,15.0,12.0,36.0,14.0,6,11,0,,0.00,1,1,jing3te6,,,,,0
474,tuzvtlpk,,1,63,63,terminate,Results,2021-01-13 12:26:31.528148+00:00,1,,,0.00,474,1,2,16,9,Chrome Test,,9.0,6.0,54.0,-4.0,12.0,9.0,27.0,23.0,15.0,12.0,36.0,14.0,22,50,0,1,0.00,1,1,jing3te6,,,,,0
475,hty2hi6s,,1,63,63,terminate,Results,2021-01-13 12:26:31.550626+00:00,1,,,10.00,475,1,3,16,9,Chrome Test,,10.0,7.0,63.0,-13.0,11.0,8.0,24.0,26.0,12.0,9.0,27.0,23.0,24,78,0,,0.00,1,1,jing3te6,,,,,0
476,86n1wpjj,,1,63,63,terminate,Results,2021-01-13 12:26:31.572835+00:00,1,,,10.00,476,1,4,16,9,Chrome Test,,9.0,0.0,0.0,50.0,12.0,3.0,9.0,41.0,15.0,6.0,18.0,32.0,82,87,0,,0.00,1,1,jing3te6,,,,,0
477,67j1ya31,,1,63,63,terminate,Results,2021-01-13 12:26:31.595813+00:00,1,,,10.00,477,1,3,16,9,Chrome Test,,7.0,4.0,36.0,14.0,10.0,7.0,21.0,29.0,11.0,8.0,24.0,26.0,46,46,0,,0.00,1,1,jing3te6,,,,,0
478,6wf711c2,,1,63,63,terminate,Results,2021-01-13 12:26:31.619748+00:00,1,,,10.00,478,2,1,16,9,Chrome Test,,12.0,9.0,81.0,-31.0,15.0,12.0,36.0,14.0,17.0,14.0,42.0,8.0,0,10,0,,0.00,1,1,jing3te6,,,,,0
479,22t5d7pl,,1,63,63,terminate,Results,2021-01-13 12:26:31.642300+00:00,1,,,10.00,479,1,1,16,9,Chrome Test,,15.0,6.0,54.0,-4.0,16.0,7.0,21.0,29.0,18.0,9.0,27.0,23.0,32,43,0,,0.00,1,1,jing3te6,,,,,0
480,ztdcpp7f,,1,63,63,terminate,Results,2021-01-13 12:26:31.665991+00:00,1,,,10.00,480,2,1,16,9,Chrome Test,,9.0,0.0,0.0,50.0,11.0,2.0,6.0,44.0,12.0,3.0,9.0,41.0,90,13,1,,0.00,1,1,jing3te6,,,,,0
481,rwvsbmkz,,1,63,63,terminate,Results,2021-01-13 12:26:31.688644+00:00,1,,,0.00,481,2,3,16,9,Chrome Test,,12.0,9.0,81.0,-31.0,14.0,11.0,33.0,17.0,15.0,12.0,36.0,14.0,0,2,0,,0.00,1,1,jing3te6,,,,,0
482,odd4tlp1,,1,63,63,terminate,Results,2021-01-13 12:26:31.712609+00:00,1,,,10.00,482,1,1,16,9,Chrome Test,,13.0,4.0,36.0,14.0,15.0,6.0,18.0,32.0,18.0,9.0,27.0,23.0,46,3,1,,0.00,1,1,jing3te6,,,,,0
483,8ixfk6h4,,1,63,63,terminate,Results,2021-01-13 12:26:31.735661+00:00,1,,,0.00,483,2,2,16,9,Chrome Test,,11.0,2.0,18.0,32.0,12.0,3.0,9.0,41.0,15.0,6.0,18.0,32.0,70,62,1,,0.00,1,1,jing3te6,,,,,0
484,f5cwxb1d,,1,63,63,terminate,Results,2021-01-13 12:26:31.758076+00:00,1,,,10.00,484,1,2,16,9,Chrome Test,,6.0,-3.0,9.0,41.0,9.0,0.0,0.0,50.0,11.0,2.0,6.0,44.0,90,46,1,,0.00,1,1,jing3te6,,,,,0
485,7qvtvy5w,,1,63,63,terminate,Results,2021-01-13 12:26:31.781180+00:00,1,,,0.00,485,2,1,16,9,Chrome Test,,11.0,8.0,72.0,-22.0,12.0,9.0,27.0,23.0,15.0,12.0,36.0,14.0,10,76,0,,0.00,1,1,jing3te6,,,,,0
486,65afc60i,,1,63,63,terminate,Results,2021-01-13 12:26:31.804510+00:00,1,,,0.00,486,2,4,16,9,Chrome Test,,14.0,5.0,45.0,5.0,15.0,6.0,18.0,32.0,18.0,9.0,27.0,23.0,40,79,0,1,0.00,1,1,jing3te6,,,,,0
487,017i9uvg,,1,63,63,terminate,Results,2021-01-13 12:26:31.826889+00:00,1,,,10.00,487,1,3,16,9,Chrome Test,,8.0,5.0,45.0,5.0,11.0,8.0,24.0,26.0,13.0,10.0,30.0,20.0,34,7,1,,0.00,1,1,jing3te6,,,,,0
488,hz784u1h,,1,63,63,terminate,Results,2021-01-13 12:26:31.849841+00:00,1,,,10.00,488,2,4,16,9,Chrome Test,,7.0,4.0,36.0,14.0,8.0,5.0,15.0,35.0,10.0,7.0,21.0,29.0,52,12,1,1,10.00,1,1,jing3te6,,,,,0
489,n5h09h1f,,1,63,63,terminate,Results,2021-01-13 12:26:31.873387+00:00,1,,,10.00,489,1,3,16,9,Chrome Test,,9.0,0.0,0.0,50.0,12.0,3.0,9.0,41.0,15.0,6.0,18.0,32.0,82,57,1,1,10.00,1,1,jing3te6,,,,,0
490,ggcykq4k,,1,63,63,terminate,Results,2021-01-13 12:26:31.899547+00:00,1,,,0.00,490,1,1,16,9,Chrome Test,,12.0,9.0,81.0,-31.0,13.0,10.0,30.0,20.0,16.0,13.0,39.0,11.0,0,97,0,1,0.00,1,1,jing3te6,,,,,0
491,26ggp0zq,,1,63,63,terminate,Results,2021-01-13 12:26:31.923240+00:00,1,,,0.00,491,2,3,16,9,Chrome Test,,13.0,4.0,36.0,14.0,14.0,5.0,15.0,35.0,17.0,8.0,24.0,26.0,50,87,0,,0.00,1,1,jing3te6,,,,,0
492,nvq68ini,,1,63,63,terminate,Results,2021-01-13 12:26:31.945997+00:00,1,,,0.00,492,1,3,16,9,Chrome Test,,14.0,11.0,99.0,-49.0,15.0,12.0,36.0,14.0,16.0,13.0,39.0,11.0,0,76,0,,0.00,1,1,jing3te6,,,,,0
493,t7ldgn4w,,1,63,63,terminate,Results,2021-01-13 12:26:31.968170+00:00,1,,,0.00,493,1,2,16,9,Chrome Test,,8.0,5.0,45.0,5.0,10.0,7.0,21.0,29.0,13.0,10.0,30.0,20.0,36,37,0,,0.00,1,1,jing3te6,,,,,0
494,zc9t4i4x,,1,63,63,terminate,Results,2021-01-13 12:26:31.990929+00:00,1,,,0.00,494,2,3,16,9,Chrome Test,,7.0,-2.0,6.0,44.0,9.0,0.0,0.0,50.0,11.0,2.0,6.0,44.0,92,5,1,,0.00,1,1,jing3te6,,,,,0
495,m7x7bxro,,1,63,63,terminate,Results,2021-01-13 12:26:32.014161+00:00,1,,,10.00,495,1,3,16,9,Chrome Test,,11.0,2.0,18.0,32.0,12.0,3.0,9.0,41.0,14.0,5.0,15.0,35.0,72,28,1,,0.00,1,1,jing3te6,,,,,0
496,jl6cze0g,,1,63,63,terminate,Results,2021-01-13 12:26:32.037157+00:00,1,,,10.00,496,1,2,16,9,Chrome Test,,13.0,10.0,90.0,-40.0,14.0,11.0,33.0,17.0,16.0,13.0,39.0,11.0,0,27,0,,0.00,1,1,jing3te6,,,,,0
497,t3p2bspm,,1,63,63,terminate,Results,2021-01-13 12:26:32.060423+00:00,1,,,0.00,497,1,2,16,9,Chrome Test,,6.0,3.0,27.0,23.0,9.0,6.0,18.0,32.0,12.0,9.0,27.0,23.0,52,47,1,,0.00,1,1,jing3te6,,,,,0
498,2ylby3lr,,1,63,63,terminate,Results,2021-01-13 12:26:32.084061+00:00,1,,,0.00,498,2,1,16,9,Chrome Test,,11.0,8.0,72.0,-22.0,14.0,11.0,33.0,17.0,17.0,14.0,42.0,8.0,2,14,0,,0.00,1,1,jing3te6,,,,,0
499,z8hssya4,,1,63,63,terminate,Results,2021-01-13 12:26:32.107618+00:00,1,,,10.00,499,2,2,16,9,Chrome Test,,10.0,1.0,9.0,41.0,13.0,4.0,12.0,38.0,15.0,6.0,18.0,32.0,74,14,1,,0.00,1,1,jing3te6,,,,,0
500,dzxrdfxg,,1,63,63,terminate,Results,2021-01-13 12:26:32.129854+00:00,1,,,10.00,500,1,4,16,9,Chrome Test,,15.0,12.0,108.0,-58.0,16.0,13.0,39.0,11.0,19.0,16.0,48.0,2.0,0,61,0,,0.00,1,1,jing3te6,,,,,0
