"","participant.code","location","information","prior_LB","prior_BG","prior_UB","prior_width","prior_AAI","prior_AGII","post_LB","post_BG","post_UB","post_width","post_AAI","post_AGII","diff_BG","diff_width","diff_AAI","diff_AGII","stated_accuracy","stated_authenticity","stated_credibility"
"1","dunkvj1r","Weiskirchen","both",2,1,2,-6,-0.416666666666667,0.99,5,2,3,-4,-0.226666666666667,0.96,1,-2,-0.19,0.03,1,-1,0
"2","jj73e1du","Weiskirchen","interval",5,4,4,-5,0.0233333333333333,1.99,3,0,-1,-2,-0.763333333333333,1.17,-4,-3,0.786666666666667,0.82,-1,2,0
"3","bo2gg97t","Ilomantsi","both",13,12,10,-3,-0.03,1.87,3,3,0,-3,-0.21,0.95,-9,0,0.18,0.92,-2,2,-1
"4","nfg2t4kf","Ilomantsi","both",11,12,9,-4,-0.0399999999999999,0.92,2,2,1,-5,0.226666666666667,2.04,-10,1,-0.266666666666666,-1.12,-1,-1,-1
"5","1xgsiat1","Weiskirchen","best_guess",-1,-3,-2,-5,-0.193333333333333,0.84,-2,-4,-5,-3,0.0766666666666666,-0.11,-1,-2,-0.27,0.95,-2,-2,0
"6","0u96a4l2","Ilomantsi","both",9,8,5,-2,-0.34,0.16,3,2,-1,-2,0.11,2.11,-6,0,-0.45,-1.95,-1,2,-1
"7","pdk096jd","Weiskirchen","interval",-3,-4,-4,-5,0.0499999999999999,0.89,1,-2,-1,-4,0.0466666666666667,0.88,2,-1,0.00333333333333319,0.0099999999999999,2,2,1
"8","qr0mrozu","Ilomantsi","interval",10,9,8,-4,-0.106666666666667,0.42,5,4,3,-4,-0.0733333333333334,0.54,-5,0,-0.0333333333333333,-0.12,-1,0,-2
"9","5zky1kdb","Ilomantsi","both",6,6,5,-5,0.386666666666667,0.98,2,2,1,-5,-0.0333333333333334,0.32,-4,0,0.42,0.66,0,1,-2
"10","dcj3dw62","Ilomantsi","both",3,4,1,-4,-0.103333333333333,0.67,0,0,-1,-5,0.0966666666666667,0.37,-4,1,-0.2,0.3,-2,0,-2
"11","1y71c63g","Weiskirchen","interval",4,1,1,-3,0.04,0.84,5,2,2,-3,-0.0999999999999999,0.5,1,0,0.14,0.34,-1,0,-2
"12","rdplpwia","Ilomantsi","interval",3,4,1,-4,0.106666666666667,1.58,0,0,-3,-3,-0.46,0.56,-4,-1,0.566666666666667,1.02,-1,-2,2
"13","7qu3ufmv","Weiskirchen","interval",4,3,3,-5,0.146666666666667,0.8,3,1,1,-4,-0.0866666666666667,1.04,-2,-1,0.233333333333333,-0.24,2,-2,-1
"14","z93yhpnq","Ilomantsi","best_guess",10,11,9,-5,0.123333333333333,2.19,1,0,-1,-4,-0.0266666666666666,0.36,-11,-1,0.15,1.83,-1,1,2
"15","ihj04dv0","Weiskirchen","both",5,4,5,-6,0.0300000000000001,0.99,-1,-3,-3,-4,-0.0733333333333333,0.24,-7,-2,0.103333333333333,0.75,-2,2,-2
"16","fysjd68d","Weiskirchen","interval",2,-1,-2,-2,-0.103333333333333,0.27,0,-3,-2,-4,-0.0833333333333334,1.07,-2,2,-0.02,-0.8,1,2,1
"17","fadcyfth","Ilomantsi","both",9,10,8,-5,-0.56,0.36,3,2,0,-3,0.08,0.48,-8,-2,-0.64,-0.12,-1,2,-1
"18","ep92i2mx","Weiskirchen","best_guess",-1,-4,-4,-3,0.403333333333333,1.15,1,-1,-1,-4,-0.14,0.22,3,1,0.543333333333333,0.93,-2,-2,-2
"19","uiahhg8s","Ilomantsi","best_guess",6,5,3,-3,-0.153333333333333,-0.16,2,1,-1,-3,-0.18,2.48,-4,0,0.0266666666666667,-2.64,1,2,-1
"20","db607iy2","Weiskirchen","interval",0,-3,-2,-4,-0.11,2.25,-1,-4,-3,-4,0.363333333333333,1.53,-1,0,-0.473333333333333,0.72,-2,-1,-1
"21","bbmy43di","Ilomantsi","both",11,10,7,-2,-0.226666666666667,0.76,3,2,1,-4,0.41,1.79,-8,2,-0.636666666666667,-1.03,1,2,0
"22","xgkkr2qj","Weiskirchen","interval",1,-2,-2,-3,-0.113333333333333,0.3,0,-3,-3,-3,0.256666666666667,1.75,-1,0,-0.37,-1.45,-1,-1,0
"23","jgnnks9k","Weiskirchen","both",1,-1,0,-5,0.0166666666666666,1.11,2,0,0,-4,0.09,0.71,1,-1,-0.0733333333333334,0.4,1,-1,-2
"24","n2y5iuz8","Weiskirchen","interval",4,1,2,-4,-0.47,1.23,4,2,1,-3,0.143333333333333,1.35,1,-1,-0.613333333333334,-0.12,1,-1,1
"25","dqoypnw4","Ilomantsi","both",4,5,2,-4,0.166666666666667,0.62,3,3,1,-4,-0.0166666666666667,2.75,-2,0,0.183333333333333,-2.13,-2,-2,-2
"26","vcgs2gq0","Weiskirchen","both",0,-3,-4,-2,-0.31,0.53,1,-1,-2,-3,-0.256666666666667,1.77,2,1,-0.0533333333333332,-1.24,1,1,-2
"27","vs36ngjs","Weiskirchen","best_guess",6,4,3,-3,0.0166666666666666,2.11,5,2,2,-3,0.276666666666667,0.97,-2,0,-0.26,1.14,0,-2,-2
"28","caaejyul","Ilomantsi","best_guess",11,10,7,-2,0.123333333333333,1.15,-1,-1,-4,-3,0.273333333333333,0.24,-11,1,-0.15,0.91,2,-2,0
"29","jbs7fj12","Weiskirchen","interval",3,0,1,-4,-0.05,2.45,-1,-3,-2,-5,-0.266666666666667,1.38,-3,1,0.216666666666667,1.07,0,1,1
"30","p4vss9nr","Ilomantsi","both",8,8,7,-5,0.31,1.07,3,2,1,-4,-0.21,0.77,-6,-1,0.52,0.3,1,-2,0
"31","veblqbxh","Ilomantsi","best_guess",5,4,2,-3,-0.03,1.19,1,0,-3,-2,-0.59,1.79,-4,-1,0.56,-0.6,-2,1,2
"32","sehz15ps","Weiskirchen","both",4,1,2,-4,-0.15,1.29,1,-2,-2,-3,-0.266666666666667,-0.1,-3,-1,0.116666666666667,1.39,1,1,-1
"33","d40z4hvh","Ilomantsi","interval",8,8,6,-4,0.313333333333333,0.26,4,3,0,-2,0.123333333333333,1.69,-5,-2,0.19,-1.43,-1,2,0
"34","zordxrf2","Ilomantsi","both",11,11,9,-4,-0.0133333333333333,0.58,3,3,2,-5,0.19,1.33,-8,1,-0.203333333333333,-0.75,1,0,0
"35","it4rzd5s","Weiskirchen","interval",1,-1,-2,-3,-0.16,1.1,1,-1,-2,-3,-0.256666666666667,1.37,0,0,0.0966666666666666,-0.27,2,0,2
"36","88ru5ylo","Weiskirchen","interval",6,3,3,-3,-0.11,0.79,4,2,1,-3,-0.0933333333333334,2.08,-1,0,-0.0166666666666666,-1.29,0,-1,0
"37","0dpdf9cr","Ilomantsi","best_guess",11,10,8,-3,0.196666666666667,2.45,1,1,-2,-3,0.336666666666667,0.95,-9,0,-0.14,1.5,2,-1,2
"38","lsuubboy","Weiskirchen","interval",-2,-4,-5,-3,-0.0800000000000001,1.12,-2,-4,-3,-5,0.05,0.93,0,2,-0.13,0.19,1,-2,-2
"39","tve9hkkw","Ilomantsi","best_guess",10,11,8,-4,-0.476666666666667,0.53,0,0,-2,-4,0.31,2.01,-11,0,-0.786666666666667,-1.48,-1,-2,1
"40","1vvbf1mu","Ilomantsi","best_guess",13,12,10,-3,0.39,1.09,3,2,0,-3,-0.33,1.27,-10,0,0.72,-0.18,1,1,-1
"41","kh0wf7fq","Weiskirchen","interval",3,0,-1,-2,0.0266666666666667,0.12,4,2,3,-5,-0.186666666666667,0.0799999999999998,2,3,0.213333333333333,0.0400000000000003,-1,-1,-1
"42","sr4c99fh","Weiskirchen","interval",-3,-4,-5,-4,-0.326666666666667,0.5,4,2,3,-5,0.256666666666667,1.79,6,1,-0.583333333333333,-1.29,0,2,-1
"43","9zl5vekc","Ilomantsi","best_guess",6,6,5,-5,0.05,0.61,1,1,-1,-4,0.356666666666667,0.93,-5,-1,-0.306666666666667,-0.32,1,0,-2
"44","dqt5l146","Ilomantsi","interval",11,11,10,-5,0.29,1.67,1,1,-1,-4,-0.07,1.35,-10,-1,0.36,0.32,-1,1,-1
"45","59pq9b3i","Ilomantsi","best_guess",5,6,5,-6,0.186666666666667,0.7,2,2,0,-4,0.413333333333333,0.56,-4,-2,-0.226666666666667,0.14,-2,1,2
"46","mbsu08fp","Ilomantsi","both",12,12,11,-5,0.426666666666667,1.56,2,2,1,-5,-0.166666666666667,1.8,-10,0,0.593333333333333,-0.24,-2,-2,1
"47","0gqm4cht","Weiskirchen","both",2,-1,-1,-3,-0.246666666666667,-0.88,4,2,2,-4,0.0133333333333334,2.24,3,1,-0.26,-3.12,-2,-1,1
"48","2gjulu6q","Weiskirchen","both",0,-3,-4,-2,0.2,1.96,5,2,1,-2,0.273333333333333,0.2,5,0,-0.0733333333333335,1.76,0,2,-2
"49","lw1bgxa5","Ilomantsi","interval",5,6,4,-5,0.176666666666667,1.09,4,3,1,-3,0.186666666666667,1.22,-3,-2,-0.01,-0.13,0,0,-1
"50","yjfre1l9","Weiskirchen","interval",3,0,1,-4,0.163333333333333,1.33,4,1,1,-3,-0.106666666666667,0.42,1,-1,0.27,0.91,0,0,-1
"51","u7swk3zx","Weiskirchen","both",0,-1,-2,-4,-0.02,0.0799999999999998,-1,-4,-5,-2,0.253333333333333,0.34,-3,-2,-0.273333333333333,-0.26,0,1,-2
"52","2d82uldb","Weiskirchen","both",-3,-4,-3,-6,-0.0133333333333334,0.8,2,0,0,-4,0.17,-0.0700000000000001,4,-2,-0.183333333333333,0.87,-1,-1,1
"53","ho0956gv","Ilomantsi","both",7,8,5,-4,0.14,0.56,2,1,0,-4,-0.416666666666667,0.75,-7,0,0.556666666666667,-0.190000000000001,2,0,-1
"54","2r5pmmpp","Ilomantsi","interval",9,9,8,-5,-0.24,1.38,2,2,1,-5,-0.493333333333333,1.72,-7,0,0.253333333333333,-0.340000000000001,-1,0,1
"55","qej1wdxj","Ilomantsi","interval",8,9,8,-6,-0.0966666666666667,0.59,0,-1,-4,-2,0.103333333333333,1.49,-10,-4,-0.2,-0.9,-1,-2,-1
"56","l7xpa22i","Ilomantsi","best_guess",8,9,7,-5,-0.396666666666667,1.59,1,1,0,-5,-0.123333333333333,1.51,-8,0,-0.273333333333333,0.0799999999999998,-1,-1,-2
"57","6pyr0egu","Weiskirchen","interval",5,2,3,-4,-0.193333333333333,0.96,-2,-4,-3,-5,-0.256666666666667,1.45,-6,1,0.0633333333333332,-0.49,0,-1,1
"58","9eu4qfn6","Weiskirchen","both",-1,-3,-2,-5,0.0333333333333333,1.18,0,-3,-2,-4,-0.14,-0.02,0,-1,0.173333333333333,1.2,0,2,-2
"59","wommm4ot","Ilomantsi","both",12,12,11,-5,-0.2,1.6,3,3,2,-5,0.426666666666667,0.5,-9,0,-0.626666666666667,1.1,-2,1,0
"60","vjv7oulc","Ilomantsi","best_guess",9,9,7,-4,-0.176666666666667,1.31,-2,-2,-4,-4,-0.0933333333333333,0.48,-11,0,-0.0833333333333333,0.83,1,1,-1
"61","aarwm4is","Ilomantsi","best_guess",5,6,5,-6,0.106666666666667,0.82,2,2,0,-4,0.27,1.29,-4,-2,-0.163333333333333,-0.47,1,0,1
"62","aym2l512","Ilomantsi","interval",7,7,6,-5,0.146666666666667,0.42,1,1,0,-5,-0.346666666666667,2.14,-6,0,0.493333333333333,-1.72,0,-2,-2
"63","cmm31v62","Weiskirchen","interval",3,1,2,-5,-0.13,-0.61,0,-3,-2,-4,-0.0433333333333333,0.99,-4,-1,-0.0866666666666666,-1.6,-1,2,-1
"64","9hqe1nrx","Ilomantsi","interval",11,12,9,-4,0.26,0.76,3,2,1,-4,0.13,2.15,-10,0,0.13,-1.39,-1,-2,-2
"65","kylttary","Weiskirchen","interval",2,0,0,-4,-0.0066666666666666,1.58,3,1,2,-5,0.0533333333333332,1,1,1,-0.0599999999999998,0.58,2,2,2
"66","iwe7r328","Weiskirchen","both",-3,-4,-4,-5,-0.223333333333333,0.97,0,-2,-1,-5,-0.0966666666666667,1.23,2,0,-0.126666666666667,-0.26,1,-2,-2
"67","y5eiaq3c","Ilomantsi","interval",11,12,9,-4,-0.3,2.28,5,4,1,-2,-0.393333333333333,0.74,-8,-2,0.0933333333333334,1.54,0,2,2
"68","goft7hba","Weiskirchen","interval",7,4,5,-4,0.353333333333333,1.14,5,2,2,-3,0.563333333333333,0.91,-2,-1,-0.21,0.23,-1,-2,-1
"69","p6tihq5v","Ilomantsi","interval",10,10,9,-5,0.373333333333333,0.94,-1,-2,-4,-3,0.0133333333333333,0.6,-12,-2,0.36,0.34,0,2,-2
"70","rrc4edie","Weiskirchen","both",-1,-2,-2,-5,0.213333333333333,1.56,4,1,1,-3,0.48,1.58,3,-2,-0.266666666666667,-0.0199999999999998,-2,2,1
"71","t9diqb84","Weiskirchen","interval",5,2,2,-3,0.406666666666667,-0.1,4,2,1,-3,-0.4,-0.18,0,0,0.806666666666667,0.08,-2,1,-1
"72","uvhxrnpu","Weiskirchen","best_guess",4,2,3,-5,0.213333333333333,0.24,2,0,0,-4,0.27,0.93,-2,-1,-0.0566666666666666,-0.69,-2,0,0
"73","mh9c0iq9","Weiskirchen","interval",-2,-4,-3,-5,-0.276666666666667,0.39,1,-1,-1,-4,-0.32,0.2,3,-1,0.0433333333333333,0.19,-2,2,-1
"74","wok1jjto","Ilomantsi","best_guess",4,5,2,-4,-0.0100000000000001,0.0899999999999997,0,-1,-2,-4,-0.23,1.25,-6,0,0.22,-1.16,-1,1,0
"75","qdhdbrcq","Ilomantsi","best_guess",3,4,1,-4,-0.0599999999999999,2.46,0,0,-2,-4,0.05,2.55,-4,0,-0.11,-0.0899999999999999,-1,2,1
"76","nfg0ith0","Weiskirchen","interval",-2,-3,-4,-4,-0.32,-0.7,0,-2,-2,-4,-0.5,1.1,1,0,0.18,-1.8,2,-2,2
"77","2y3pz4p0","Ilomantsi","interval",10,11,8,-4,-0.15,1.45,5,4,2,-3,-0.156666666666667,1.01,-7,-1,0.0066666666666666,0.44,0,2,2
"78","e2z2sorr","Ilomantsi","best_guess",10,10,7,-3,-0.02,-0.28,1,1,0,-5,0.2,0.74,-9,2,-0.22,-1.02,-1,-2,-2
"79","yug1b3wo","Weiskirchen","interval",-3,-4,-4,-5,-0.283333333333333,-0.0500000000000005,2,-1,-2,-2,0.16,1.76,3,-3,-0.443333333333333,-1.81,2,2,-1
"80","a6c9wfqn","Ilomantsi","interval",7,8,6,-5,0.123333333333333,0.71,4,4,3,-5,0.0933333333333333,0.88,-4,0,0.0300000000000001,-0.17,-1,1,2
"81","6motr8t3","Weiskirchen","both",1,0,-1,-4,-0.123333333333333,2.09,2,0,-1,-3,-0.136666666666667,1.31,0,-1,0.0133333333333333,0.78,1,-2,-1
"82","f4a1ofc3","Ilomantsi","best_guess",11,10,8,-3,-0.126666666666667,1.16,2,2,-1,-3,-0.346666666666667,0.12,-8,0,0.22,1.04,0,-1,1
"83","1q2ug8x6","Ilomantsi","interval",3,4,2,-5,-0.23,1.87,0,0,-3,-3,-0.0733333333333334,0.8,-4,-2,-0.156666666666667,1.07,1,-2,1
"84","yb03yu9q","Weiskirchen","best_guess",3,1,1,-4,0.32,1.28,-1,-3,-3,-4,-0.0999999999999999,1.5,-4,0,0.42,-0.22,1,1,0
"85","ju4umbfv","Weiskirchen","interval",1,0,1,-6,-0.29,1.63,1,-1,-2,-3,0.06,-0.68,-1,-3,-0.35,2.31,-2,2,-1
"86","8blrp2h6","Ilomantsi","both",8,8,7,-5,-0.123333333333333,1.25,0,-1,-4,-2,-0.413333333333333,0.96,-9,-3,0.29,0.29,-1,-2,1
"87","yqxgp0dy","Weiskirchen","best_guess",4,2,2,-4,-0.353333333333333,1.48,5,2,1,-2,-0.116666666666667,1.11,0,-2,-0.236666666666667,0.37,-1,-1,-2
"88","pzvad8yq","Ilomantsi","interval",7,6,5,-4,-0.166666666666667,0.52,1,1,0,-5,-0.176666666666667,0.37,-5,1,0.00999999999999984,0.15,1,0,1
"89","s08e2dyb","Weiskirchen","best_guess",0,-3,-3,-3,-0.226666666666667,0.98,5,2,3,-4,-0.106666666666667,1.38,5,1,-0.12,-0.4,-1,-1,2
"90","fz5h5vtj","Ilomantsi","best_guess",11,10,9,-4,0.1,1.14,-1,-1,-3,-4,-0.23,1.25,-11,0,0.33,-0.11,0,-1,2
"91","7v4ewlaf","Ilomantsi","both",12,12,10,-4,-0.0433333333333333,0.87,1,0,-2,-3,-0.233333333333333,1.38,-12,-1,0.19,-0.51,-2,0,-2
"92","vth4dbgp","Weiskirchen","best_guess",7,4,5,-4,-0.1,1.44,2,0,0,-4,0.126666666666667,2.22,-4,0,-0.226666666666667,-0.779999999999999,0,1,-2
"93","2c7cpcm3","Weiskirchen","both",-2,-4,-4,-4,0.206666666666667,1.78,4,2,1,-3,-0.143333333333333,0.65,6,-1,0.35,1.13,1,-1,0
"94","iij7sv0y","Ilomantsi","both",11,12,10,-5,0.106666666666667,1.4,1,0,-2,-3,0.25,1.05,-12,-2,-0.143333333333333,0.35,-1,2,2
"95","x0ytzo21","Ilomantsi","best_guess",5,5,4,-5,-0.126666666666667,0.36,4,4,3,-5,-0.356666666666667,1.75,-1,0,0.23,-1.39,2,1,2
"96","460fbckc","Weiskirchen","both",1,-2,-2,-3,0.0533333333333333,0.84,3,1,0,-3,0.0766666666666667,2.01,3,0,-0.0233333333333333,-1.17,-1,-2,1
"97","mkyf1qx1","Weiskirchen","interval",7,4,4,-3,-0.193333333333333,1.42,0,-2,-3,-3,0.163333333333333,0.93,-6,0,-0.356666666666667,0.490000000000001,1,1,0
"98","11xofh4z","Ilomantsi","best_guess",11,10,9,-4,-0.193333333333333,1.02,3,3,2,-5,-0.0533333333333333,-0.36,-7,1,-0.14,1.38,-2,-1,0
"99","uq2m3zks","Ilomantsi","both",5,4,2,-3,0.00999999999999995,0.29,2,2,-1,-3,0.15,0.13,-2,0,-0.14,0.16,1,2,2
"100","ocs8r4qm","Ilomantsi","best_guess",6,6,3,-3,0.266666666666667,1.22,3,2,0,-3,0.326666666666667,1.24,-4,0,-0.0600000000000002,-0.0199999999999998,-1,-2,-1
"101","1m7k4uli","Weiskirchen","interval",1,-1,-1,-4,-0.23,-0.13,3,0,1,-4,-0.15,0.87,1,0,-0.0799999999999998,-1,0,0,2
"102","to39acrd","Ilomantsi","best_guess",11,11,10,-5,0.17,1.25,1,1,0,-5,0.1,-0.2,-10,0,0.0700000000000001,1.45,2,-2,-1
"103","1njozvvq","Ilomantsi","best_guess",6,5,4,-4,0.156666666666667,0.71,0,-1,-4,-2,0.13,1.39,-6,-2,0.0266666666666667,-0.68,-1,1,-1
"104","553dggmz","Weiskirchen","interval",6,4,3,-3,0.483333333333333,1.21,2,0,-1,-3,-0.15,1.95,-4,0,0.633333333333333,-0.74,1,1,0
"105","p954w3h9","Weiskirchen","interval",-2,-3,-2,-6,-0.336666666666667,0.83,5,2,1,-2,0.373333333333333,-0.1,5,-4,-0.71,0.93,-1,-1,0
"106","vyhwb4xz","Weiskirchen","both",7,4,3,-2,-0.566666666666667,1.22,4,1,0,-2,-0.376666666666667,0.31,-3,0,-0.19,0.909999999999999,2,2,-2
"107","w4uio2u9","Weiskirchen","both",-1,-2,-1,-6,0.406666666666667,-0.22,3,1,2,-5,0.0600000000000001,1.38,3,-1,0.346666666666667,-1.6,1,2,0
"108","ka8grtkx","Ilomantsi","both",5,4,3,-4,-0.253333333333333,0.36,-2,-2,-4,-4,-0.373333333333333,0.38,-6,0,0.12,-0.0199999999999998,0,-2,-1
"109","ra9qsqpp","Ilomantsi","interval",10,9,7,-3,-0.383333333333333,1.41,4,3,2,-4,-0.0533333333333335,1.9,-6,1,-0.33,-0.490000000000001,2,0,-2
"110","9liu16zy","Weiskirchen","interval",4,1,0,-2,0.28,0.74,3,0,-1,-2,0.0233333333333333,1.19,-1,0,0.256666666666667,-0.45,0,0,0
"111","b4angmm3","Ilomantsi","both",11,10,7,-2,-0.286666666666667,0.88,3,3,2,-5,-0.39,0.25,-7,3,0.103333333333333,0.63,1,0,0
"112","ojr8mzh8","Weiskirchen","both",1,0,-1,-4,0.406666666666667,0.84,3,0,1,-4,0.446666666666667,1.16,0,0,-0.04,-0.32,2,0,2
"113","r1gjaxxl","Ilomantsi","best_guess",6,7,6,-6,-0.203333333333333,0.31,3,2,1,-4,0.0133333333333333,2.62,-5,-2,-0.216666666666667,-2.31,2,-1,1
"114","6vyu7e6z","Ilomantsi","best_guess",5,4,3,-4,0.13,0.35,3,2,-1,-2,-0.12,1.66,-2,-2,0.25,-1.31,1,-2,2
"115","u4cs2n9r","Ilomantsi","best_guess",11,10,7,-2,-0.00333333333333341,1.17,3,2,0,-3,0.0666666666666667,1.78,-8,1,-0.0700000000000001,-0.61,0,-2,1
"116","adv0ev3l","Ilomantsi","best_guess",13,12,10,-3,0.04,0.32,0,0,-2,-4,0.316666666666667,0.81,-12,1,-0.276666666666667,-0.49,-2,2,-1
"117","xu2wkqb7","Weiskirchen","both",0,-3,-4,-2,-0.243333333333333,1.61,4,2,2,-4,0.473333333333333,0.8,5,2,-0.716666666666667,0.81,1,-2,1
"118","hgguuv4n","Weiskirchen","both",0,-3,-3,-3,0.0133333333333332,1.92,0,-2,-3,-3,0.08,0.14,1,0,-0.0666666666666668,1.78,-1,1,0
"119","9md2ymq9","Weiskirchen","interval",5,4,5,-6,-0.0833333333333334,1.83,1,-2,-3,-2,-0.15,0.71,-6,-4,0.0666666666666667,1.12,-1,-2,2
"120","2bbztl6f","Ilomantsi","interval",11,10,9,-4,0.33,1.21,0,-1,-4,-2,0.0033333333333333,0.41,-11,-2,0.326666666666667,0.8,2,-1,2
"121","h3oyjxei","Ilomantsi","interval",13,12,10,-3,0.493333333333333,1.22,0,0,-1,-5,-0.0666666666666667,2.14,-12,2,0.56,-0.92,-1,1,-2
"122","87ridfry","Ilomantsi","interval",12,11,10,-4,-0.0099999999999999,2.07,1,1,-1,-4,-0.2,1.76,-10,0,0.19,0.31,2,0,0
"123","bb0povwb","Weiskirchen","best_guess",6,3,2,-2,0.0433333333333333,0.41,4,1,0,-2,-0.263333333333333,0.91,-2,0,0.306666666666667,-0.5,-1,-2,-1
"124","j79sw8sl","Weiskirchen","interval",-2,-3,-2,-6,-0.303333333333333,1.01,-2,-4,-3,-5,-0.08,0.8,-1,-1,-0.223333333333333,0.21,-2,0,0
"125","if6uapb8","Ilomantsi","both",11,12,11,-6,-0.18,-0.0200000000000001,4,4,1,-3,0.0766666666666667,2.27,-8,-3,-0.256666666666667,-2.29,2,-1,-2
"126","9tkqem3m","Weiskirchen","both",-2,-4,-3,-5,0.25,1.23,-1,-3,-3,-4,0.286666666666667,0.24,1,-1,-0.0366666666666666,0.99,-1,0,1
"127","1g00wui1","Weiskirchen","interval",6,3,2,-2,0.07,0.63,4,1,2,-4,-0.28,0.52,-2,2,0.35,0.11,0,1,1
"128","i3tkihbv","Ilomantsi","both",11,10,7,-2,-0.393333333333333,1.94,5,4,2,-3,0.00666666666666668,-1.12,-6,1,-0.4,3.06,0,0,2
"129","skvl49ii","Ilomantsi","best_guess",6,7,5,-5,-0.263333333333333,0.57,-1,-1,-2,-5,0.0466666666666665,1.88,-8,0,-0.31,-1.31,2,0,-2
"130","te572iy8","Weiskirchen","interval",2,1,1,-5,0.0133333333333334,0.3,3,1,0,-3,-0.07,0.25,0,-2,0.0833333333333334,0.0500000000000002,2,1,0
"131","tuura4nd","Ilomantsi","best_guess",7,8,7,-6,-0.19,1.75,4,3,1,-3,0.0333333333333334,1.1,-5,-3,-0.223333333333333,0.65,0,-1,1
"132","b93m4548","Ilomantsi","both",12,12,9,-3,0.396666666666667,1.97,0,-1,-3,-3,0.113333333333333,0.56,-13,0,0.283333333333333,1.41,-1,1,1
"133","8z47ohui","Ilomantsi","interval",4,4,2,-4,0.316666666666667,1.87,1,1,-2,-3,-0.0866666666666668,2.4,-3,-1,0.403333333333333,-0.53,-2,-1,-1
"134","b9ak2w17","Weiskirchen","both",4,2,2,-4,0.02,0.98,0,-2,-1,-5,-0.0433333333333333,1.35,-4,1,0.0633333333333333,-0.37,-2,1,1
"135","crugnqvy","Weiskirchen","interval",4,1,2,-4,0.123333333333333,1.19,0,-2,-1,-5,0.18,1.06,-3,1,-0.0566666666666666,0.13,2,-1,0
"136","7s5zv3f9","Weiskirchen","interval",4,2,3,-5,0.0099999999999999,1.93,3,1,0,-3,-0.0133333333333333,-0.0999999999999998,-1,-2,0.0233333333333332,2.03,2,1,2
"137","a9oj5w2c","Weiskirchen","best_guess",-1,-3,-2,-5,0.21,0.97,-2,-4,-3,-5,0.306666666666667,1.68,-1,0,-0.0966666666666667,-0.71,1,-2,-2
"138","5vfqlgx0","Weiskirchen","interval",7,4,3,-2,-0.32,0.58,1,-1,0,-5,-0.11,-0.07,-5,3,-0.21,0.65,2,2,1
"139","p6em4x39","Weiskirchen","best_guess",0,-1,-1,-5,0.0866666666666666,0.5,2,-1,-1,-3,-0.27,1.85,0,-2,0.356666666666667,-1.35,-1,2,-2
"140","z5997v5q","Ilomantsi","best_guess",3,4,2,-5,0.39,0.41,0,0,-2,-4,0.236666666666667,-0.31,-4,-1,0.153333333333333,0.72,2,-1,-1
"141","a3ovqpht","Weiskirchen","best_guess",3,2,1,-4,-0.38,2.5,2,-1,0,-4,0.09,1.89,-3,0,-0.47,0.61,2,1,-1
"142","6rmp4pwh","Weiskirchen","best_guess",5,2,3,-4,0.09,1.35,2,-1,-1,-3,-0.0733333333333334,1.44,-3,-1,0.163333333333333,-0.0899999999999999,0,2,1
"143","hnga92cm","Weiskirchen","best_guess",0,-1,-2,-4,0.23,1.97,4,1,0,-2,0.433333333333333,0.74,2,-2,-0.203333333333333,1.23,0,1,1
"144","3lp0ewdi","Weiskirchen","both",-2,-4,-4,-4,-0.193333333333333,1.38,1,-2,-3,-2,0.126666666666667,2.7,2,-2,-0.32,-1.32,1,1,1
"145","3y0d4c3a","Weiskirchen","best_guess",4,2,1,-3,0.11,1.77,3,0,1,-4,0.00999999999999995,-0.69,-2,1,0.1,2.46,2,2,1
"146","ul7ir3rf","Ilomantsi","interval",4,5,2,-4,0.17,0.89,2,1,0,-4,-0.3,0.72,-4,0,0.47,0.17,1,-1,-1
"147","oevct4ak","Ilomantsi","interval",11,12,10,-5,0.226666666666667,1.56,0,0,-3,-3,0.24,1.92,-12,-2,-0.0133333333333333,-0.36,0,2,1
"148","5qtp00jr","Weiskirchen","best_guess",-2,-4,-5,-3,0.286666666666667,2.12,3,0,1,-4,-0.57,0.95,4,1,0.856666666666667,1.17,-1,1,-1
"149","2bx670j2","Weiskirchen","interval",0,-1,0,-6,-0.04,1.18,2,-1,0,-4,0.143333333333333,1.55,0,-2,-0.183333333333333,-0.37,0,-2,-2
"150","9sh1wmel","Ilomantsi","best_guess",8,8,5,-3,0.41,0.91,4,4,1,-3,0.216666666666667,2.05,-4,0,0.193333333333333,-1.14,-1,0,1
"151","lr5vwhph","Ilomantsi","best_guess",13,12,9,-2,-0.196666666666667,0.21,5,4,3,-4,0.0233333333333333,1.73,-8,2,-0.22,-1.52,-1,1,-1
"152","p5l93py1","Ilomantsi","interval",4,5,2,-4,0.163333333333333,0.87,2,2,1,-5,-0.0433333333333333,0.81,-3,1,0.206666666666667,0.0600000000000001,-2,1,-2
"153","xms3q42t","Weiskirchen","both",4,2,2,-4,0.09,0.17,4,1,1,-3,0.163333333333333,0.93,-1,-1,-0.0733333333333335,-0.76,2,-1,2
"154","o0qqxfc1","Weiskirchen","best_guess",1,0,0,-5,0.0733333333333334,0.24,4,1,0,-2,0.1,2.08,1,-3,-0.0266666666666666,-1.84,1,1,1
"155","55592fzs","Ilomantsi","interval",4,5,3,-5,-0.533333333333333,0.92,4,4,1,-3,-0.176666666666667,1.07,-1,-2,-0.356666666666667,-0.15,0,0,-1
"156","p0m918bf","Ilomantsi","interval",10,11,10,-6,-0.3,0.9,4,4,2,-4,0.23,0.0899999999999999,-7,-2,-0.53,0.81,-2,1,1
"157","4jiax3jq","Weiskirchen","interval",5,4,4,-5,-0.0700000000000001,1.83,4,1,1,-3,0.113333333333333,0.88,-3,-2,-0.183333333333333,0.95,-1,0,1
"158","81tv9e6y","Weiskirchen","best_guess",1,-1,0,-5,-0.0866666666666666,0.5,-1,-3,-2,-5,0.0866666666666667,0.48,-2,0,-0.173333333333333,0.0200000000000003,1,-2,-1
"159","8sy4jb07","Weiskirchen","interval",3,0,0,-3,-0.14,0.22,0,-3,-3,-3,-0.05,2.09,-3,0,-0.0899999999999999,-1.87,1,-1,-1
"160","w3uyj2hi","Weiskirchen","both",6,4,4,-4,-0.0233333333333334,1.05,2,0,1,-5,0.206666666666667,1.36,-4,1,-0.23,-0.31,0,0,2
"161","rkt47b8l","Ilomantsi","interval",7,7,6,-5,0.306666666666667,1.4,3,2,0,-3,0.173333333333333,1.54,-5,-2,0.133333333333333,-0.14,0,1,-1
"162","jpymo6c3","Ilomantsi","best_guess",8,9,8,-6,0.38,0.82,2,2,1,-5,-0.203333333333333,0.41,-7,-1,0.583333333333333,0.41,-1,0,-1
"163","skb8a2fu","Ilomantsi","best_guess",4,4,1,-3,0.393333333333333,0.18,4,4,3,-5,0.413333333333333,0.46,0,2,-0.02,-0.28,2,-1,1
"164","zlvydi4l","Weiskirchen","best_guess",3,2,2,-5,-0.226666666666667,0.16,-2,-4,-3,-5,0.0566666666666666,-0.65,-6,0,-0.283333333333333,0.81,0,-2,1
"165","8exdb1r0","Weiskirchen","interval",3,1,0,-3,0.11,1.79,3,0,1,-4,0.366666666666667,2.06,-1,1,-0.256666666666667,-0.27,2,1,-2
"166","rwdw7tnl","Ilomantsi","interval",9,9,7,-4,0.303333333333333,2.01,3,2,0,-3,-0.0166666666666666,-1.11,-7,-1,0.32,3.12,1,1,-1
"167","yto5y5xt","Ilomantsi","best_guess",8,8,6,-4,0.09,1.03,-2,-2,-5,-3,0.166666666666667,1.7,-10,-1,-0.0766666666666666,-0.67,-2,1,-1
"168","fj9bv9di","Ilomantsi","interval",10,9,7,-3,-0.326666666666667,0.86,5,4,2,-3,0.143333333333333,2.33,-5,0,-0.47,-1.47,2,1,-2
"169","3sb1av22","Weiskirchen","both",3,0,1,-4,-0.1,0.88,-1,-4,-3,-4,-0.58,0.94,-4,0,0.48,-0.0599999999999998,-1,1,0
"170","9u7k6srt","Weiskirchen","both",1,-1,-2,-3,-0.303333333333333,1.87,-1,-3,-3,-4,0.193333333333333,1.18,-2,1,-0.496666666666667,0.690000000000001,1,1,2
"171","0vdzzsj1","Ilomantsi","both",9,10,7,-4,-0.0566666666666666,0.93,-1,-2,-5,-2,0.353333333333333,1.22,-12,-2,-0.41,-0.29,-1,-1,0
"172","7scdv07k","Ilomantsi","both",6,5,4,-4,0.283333333333333,1.15,0,-1,-3,-3,-0.286666666666667,1.68,-6,-1,0.57,-0.53,-1,-2,0
"173","jrogei32","Ilomantsi","both",8,7,6,-4,0.42,1.2,3,2,-1,-2,-0.303333333333333,1.17,-5,-2,0.723333333333333,0.0300000000000002,-2,-2,1
"174","kduxw82c","Weiskirchen","both",-1,-4,-5,-2,-0.256666666666667,1.29,3,1,1,-4,0.133333333333333,0.86,5,2,-0.39,0.43,-2,1,0
"175","srkcher6","Weiskirchen","best_guess",1,0,0,-5,-0.23,1.83,2,-1,0,-4,-0.316666666666667,1.43,-1,-1,0.0866666666666668,0.4,0,2,1
"176","ykuchf2z","Ilomantsi","interval",11,12,9,-4,-0.0266666666666667,1.24,1,1,-2,-3,-0.14,0.02,-11,-1,0.113333333333333,1.22,2,2,0
"177","lj9iv4vr","Weiskirchen","both",4,3,3,-5,-0.13,1.09,0,-2,-1,-5,-0.27,1.67,-5,0,0.14,-0.58,-1,-2,2
"178","n9hjdm0z","Weiskirchen","both",3,1,1,-4,-0.07,2.95,3,0,0,-3,-0.09,1.39,-1,-1,0.02,1.56,2,-2,0
"179","pfp45eie","Weiskirchen","interval",-2,-4,-4,-4,-0.0333333333333333,-0.96,5,2,3,-4,-0.0866666666666667,0.26,6,0,0.0533333333333335,-1.22,2,2,1
"180","wm108ntc","Weiskirchen","both",-2,-4,-5,-3,-0.0866666666666668,1.86,1,-1,0,-5,-0.0366666666666667,0.07,3,2,-0.0500000000000001,1.79,1,-2,1
"181","rlg3c2hk","Ilomantsi","best_guess",9,10,7,-4,-0.266666666666667,1.94,4,4,3,-5,0.236666666666667,0.31,-6,1,-0.503333333333333,1.63,2,2,2
"182","twivvxi2","Weiskirchen","interval",2,1,1,-5,0.21,0.61,4,2,2,-4,-0.0266666666666666,2.48,1,-1,0.236666666666667,-1.87,-2,-1,2
"183","qnaip5jt","Weiskirchen","best_guess",4,1,1,-3,0.33,1.11,3,0,1,-4,0.293333333333333,1.66,-1,1,0.0366666666666667,-0.55,1,0,2
"184","ht2tj40l","Ilomantsi","both",12,12,11,-5,-0.356666666666667,0.99,2,1,-1,-3,-0.283333333333333,1.67,-11,-2,-0.0733333333333335,-0.68,-2,-2,0
"185","nmx8x70h","Ilomantsi","interval",9,8,6,-3,0.0866666666666667,2.5,5,4,1,-2,-0.0633333333333335,1.81,-4,-1,0.15,0.69,-1,1,0
"186","vj7w0shk","Ilomantsi","interval",11,11,8,-3,-0.143333333333333,1.89,4,4,1,-3,-0.0266666666666666,2.48,-7,0,-0.116666666666667,-0.59,-2,-1,2
"187","z32ses9t","Weiskirchen","best_guess",2,0,0,-4,-0.28,2.24,5,2,2,-3,-0.336666666666667,0.33,2,-1,0.0566666666666666,1.91,2,0,2
"188","x3a1sxx0","Weiskirchen","interval",0,-2,-2,-4,-0.07,0.69,3,1,2,-5,-0.0266666666666667,0.1,3,1,-0.0433333333333333,0.59,-1,-2,1
"189","npuyy27s","Ilomantsi","interval",8,8,5,-3,0.21,1.83,0,0,-1,-5,0.0466666666666667,0.78,-8,2,0.163333333333333,1.05,0,0,2
"190","ds5dnony","Ilomantsi","both",9,10,8,-5,0.153333333333333,0.18,2,1,-2,-2,-0.15,1.57,-9,-3,0.303333333333333,-1.39,1,-2,1
"191","6qff7tfw","Weiskirchen","both",-2,-3,-3,-5,0.246666666666667,2.18,0,-2,-3,-3,0.00333333333333341,2.15,1,-2,0.243333333333333,0.0300000000000007,1,-2,1
"192","tprh3eod","Weiskirchen","interval",6,3,2,-2,-0.346666666666667,0.48,4,2,3,-5,-0.193333333333333,2.52,-1,3,-0.153333333333333,-2.04,2,-2,1
"193","iu4j3d8b","Ilomantsi","best_guess",11,10,9,-4,0.0566666666666667,0.35,3,2,-1,-2,0.0933333333333334,1.26,-8,-2,-0.0366666666666667,-0.91,2,-2,1
"194","fpggyy66","Ilomantsi","both",5,4,3,-4,-0.0466666666666666,1,2,2,1,-5,-0.293333333333333,0.26,-2,1,0.246666666666667,0.74,-2,2,1
"195","8bla3qpd","Ilomantsi","interval",7,7,5,-4,-0.0833333333333334,1.49,-1,-1,-4,-3,0.156666666666667,2.03,-8,-1,-0.24,-0.54,-2,0,1
"196","h4l1r0vy","Weiskirchen","interval",3,1,1,-4,-0.136666666666667,0.61,-2,-4,-5,-3,0.0833333333333333,1.95,-5,-1,-0.22,-1.34,-1,-1,-2
"197","9fcv1lhb","Weiskirchen","interval",6,4,4,-4,0.0166666666666666,0.05,3,0,1,-4,0.266666666666667,1.18,-4,0,-0.25,-1.13,1,1,2
"198","m5fcvd95","Weiskirchen","both",1,-2,-2,-3,-0.24,1.72,-1,-3,-2,-5,0.363333333333333,-0.45,-1,2,-0.603333333333333,2.17,1,-2,2
"199","fmapd5he","Weiskirchen","interval",4,3,2,-4,0.0166666666666667,1.49,2,-1,-1,-3,0.19,0.97,-4,-1,-0.173333333333333,0.52,0,0,0
"200","bjyojwt8","Weiskirchen","best_guess",1,0,-1,-4,-0.363333333333333,1.97,-2,-4,-4,-4,0.0266666666666667,0.38,-4,0,-0.39,1.59,1,0,0
"201","jdblp4yt","Weiskirchen","both",3,2,3,-6,-0.196666666666667,1.31,2,0,-1,-3,0.0466666666666667,0.72,-2,-3,-0.243333333333333,0.59,-2,1,-1
"202","b3woruum","Weiskirchen","both",4,2,1,-3,-0.00999999999999995,0.77,3,1,1,-4,-0.15,0.83,-1,1,0.14,-0.0599999999999998,1,1,-2
"203","0ci42hdl","Ilomantsi","best_guess",9,10,8,-5,-0.0100000000000001,0.35,2,1,-2,-2,0.18,0.0999999999999998,-9,-3,-0.19,0.25,1,0,-2
"204","szt9p5z7","Ilomantsi","best_guess",10,11,9,-5,-0.356666666666667,0.57,-1,-1,-4,-3,-0.0266666666666667,0.52,-12,-2,-0.33,0.0500000000000003,-1,-1,-1
"205","xrzbsgdh","Ilomantsi","best_guess",5,6,4,-5,-0.0966666666666667,-0.19,0,0,-3,-3,0.286666666666667,1.1,-6,-2,-0.383333333333333,-1.29,0,2,-2
"206","nallkwek","Ilomantsi","both",9,8,7,-4,-0.0899999999999999,2.55,4,3,0,-2,0.36,0.62,-5,-2,-0.45,1.93,2,2,-2
"207","oo9zpfv9","Weiskirchen","both",6,4,5,-5,-0.04,0.46,-1,-3,-4,-3,-0.19,0.31,-7,-2,0.15,0.15,-2,-1,-1
"208","anyctvcj","Ilomantsi","best_guess",8,9,6,-4,0.0833333333333334,1.35,1,1,-1,-4,-0.243333333333333,1.03,-8,0,0.326666666666667,0.32,2,0,2
"209","og29uyf8","Ilomantsi","best_guess",7,7,4,-3,0.17,0.37,-1,-1,-2,-5,0.0533333333333333,1.06,-8,2,0.116666666666667,-0.69,1,-1,-2
"210","a515w2bd","Ilomantsi","best_guess",9,9,6,-3,-0.16,0.94,4,3,2,-4,-0.29,0.83,-6,1,0.13,0.11,0,0,2
"211","cz8hiis9","Ilomantsi","both",9,8,6,-3,0.0833333333333333,-0.27,4,3,2,-4,0.11,0.93,-5,1,-0.0266666666666667,-1.2,0,-1,-1
"212","w1ekay6z","Weiskirchen","best_guess",-2,-3,-4,-4,-0.126666666666667,0.76,1,-1,0,-5,0.12,1.9,2,1,-0.246666666666667,-1.14,0,2,1
"213","c65frzsx","Ilomantsi","interval",6,7,4,-4,0.12,1.4,4,4,3,-5,-0.5,1.3,-3,1,0.62,0.0999999999999994,2,1,-2
"214","z9b3nj51","Ilomantsi","best_guess",6,6,5,-5,-0.0366666666666666,0.99,1,1,-1,-4,-0.103333333333333,0.75,-5,-1,0.0666666666666668,0.24,1,-1,-1
"215","x5shlstd","Ilomantsi","best_guess",8,7,5,-3,-0.106666666666667,1.12,1,0,-2,-3,-0.226666666666667,1.08,-7,0,0.12,0.0400000000000003,1,-1,-1
"216","gc772big","Weiskirchen","interval",3,0,0,-3,0.143333333333333,1.77,-1,-4,-5,-2,0.0433333333333333,1.33,-4,-1,0.1,0.44,-1,1,-1
"217","pyfuot29","Weiskirchen","best_guess",-1,-3,-3,-4,-0.46,1.02,3,0,1,-4,-0.273333333333333,0.76,3,0,-0.186666666666667,0.26,1,0,-1
"218","tnmxv70x","Weiskirchen","both",-2,-4,-4,-4,-0.463333333333333,0.25,2,0,-1,-3,0.143333333333333,2.33,4,-1,-0.606666666666667,-2.08,2,-1,1
"219","fe8ul9f0","Ilomantsi","interval",7,7,5,-4,-0.333333333333333,2.08,4,4,2,-4,-0.276666666666667,0.39,-3,0,-0.0566666666666666,1.69,1,-1,0
"220","11d4thic","Ilomantsi","best_guess",4,5,4,-6,0.08,0.2,3,2,1,-4,-0.17,2.11,-3,-2,0.25,-1.91,-1,1,2
"221","goefdcu8","Ilomantsi","best_guess",5,6,3,-4,0.493333333333333,0.8,3,3,0,-3,0.143333333333333,2.33,-3,-1,0.35,-1.53,2,-2,1
"222","wo6jnm4m","Weiskirchen","interval",-1,-2,-3,-4,-0.103333333333333,1.75,1,-2,-2,-3,-0.116666666666667,0.75,0,-1,0.0133333333333332,1,-1,-1,2
"223","0oqhtssw","Weiskirchen","best_guess",-2,-4,-3,-5,-0.2,0.32,3,1,0,-3,-0.173333333333333,0.94,5,-2,-0.0266666666666666,-0.62,-2,1,0
"224","o1r8nprf","Weiskirchen","best_guess",0,-2,-3,-3,-0.0566666666666666,-0.0700000000000001,-1,-4,-5,-2,-0.176666666666667,-0.25,-2,-1,0.12,0.18,0,-2,-1
"225","7pfezmfb","Weiskirchen","both",0,-2,-1,-5,0.0466666666666666,1.32,-1,-4,-4,-3,0.0566666666666666,1.29,-2,-2,-0.01,0.03,1,2,2
"226","um3oqwc6","Ilomantsi","interval",10,10,8,-4,-0.2,0.52,4,3,2,-4,-0.0700000000000001,2.21,-7,0,-0.13,-1.69,-2,2,1
"227","d0a7y2qu","Ilomantsi","interval",10,10,8,-4,-0.39,1.63,0,-1,-4,-2,0.55,1.17,-11,-2,-0.94,0.460000000000001,-2,1,0
"228","mwjponen","Weiskirchen","best_guess",4,3,2,-4,-0.0766666666666667,0.21,3,1,1,-4,0.16,1.32,-2,0,-0.236666666666667,-1.11,-2,-2,-2
"229","vl25cmya","Weiskirchen","interval",7,4,4,-3,0.126666666666667,0.88,5,2,1,-2,0.313333333333333,1.06,-2,-1,-0.186666666666667,-0.18,-2,2,-2
"230","z43k5yoz","Ilomantsi","interval",5,4,3,-4,-0.363333333333333,1.29,3,3,0,-3,-0.16,1.42,-1,-1,-0.203333333333333,-0.13,-2,0,-1
"231","1esedbwy","Weiskirchen","interval",-2,-3,-3,-5,-0.00333333333333335,-0.03,5,2,2,-3,-0.106666666666667,0.44,5,-2,0.103333333333333,-0.47,-2,-1,-2
"232","5d0cql66","Ilomantsi","both",4,4,1,-3,-0.01,1.25,-1,-2,-5,-2,-0.183333333333333,1.81,-6,-1,0.173333333333333,-0.56,0,-1,2
"233","acfuh4q9","Weiskirchen","best_guess",2,-1,-1,-3,-0.106666666666667,-0.0600000000000001,2,-1,-2,-2,0.0733333333333334,1.38,0,-1,-0.18,-1.44,1,1,0
"234","zbbsimuo","Weiskirchen","best_guess",3,1,1,-4,0.25,0.77,2,-1,-2,-2,0.143333333333333,0.69,-2,-2,0.106666666666667,0.0800000000000001,2,-1,-2
"235","8j0douuo","Weiskirchen","interval",0,-3,-3,-3,-0.156666666666667,1.47,-1,-3,-2,-5,-0.04,-0.52,0,2,-0.116666666666667,1.99,1,2,2
"236","nmp4ojek","Ilomantsi","interval",8,8,7,-5,-0.163333333333333,1.85,1,0,-3,-2,-0.0633333333333334,0.31,-8,-3,-0.0999999999999999,1.54,1,1,1
"237","bhbivoug","Weiskirchen","both",-3,-4,-5,-4,-0.41,1.59,0,-2,-3,-3,-0.41,1.29,2,-1,1.11022302462516e-16,0.3,1,0,-2
"238","hdyq2ftw","Ilomantsi","best_guess",7,6,4,-3,0.183333333333333,0.89,1,0,-1,-4,0.196666666666667,1.19,-6,1,-0.0133333333333333,-0.3,1,-1,-1
"239","wt0936n3","Ilomantsi","best_guess",8,8,6,-4,0.106666666666667,1.68,0,-1,-4,-2,0.243333333333333,2.13,-9,-2,-0.136666666666667,-0.45,0,-1,-2
"240","oecsg52m","Weiskirchen","interval",1,0,1,-6,0.34,0.84,3,0,1,-4,0.273333333333333,0.94,0,-2,0.0666666666666666,-0.0999999999999999,-1,-1,-1
"241","fizdz5t1","Weiskirchen","interval",7,4,4,-3,0.223333333333333,0.81,-1,-3,-2,-5,0.236666666666667,2.31,-7,2,-0.0133333333333333,-1.5,0,0,2
"242","8ewe44x3","Ilomantsi","both",9,8,5,-2,-0.123333333333333,-0.33,1,1,-1,-4,-0.196666666666667,2.05,-7,2,0.0733333333333333,-2.38,1,2,-1
"243","inidtv56","Weiskirchen","both",-2,-4,-3,-5,0.02,0.9,2,-1,-2,-2,-0.0800000000000001,0.3,3,-3,0.1,0.600000000000001,0,1,1
"244","9vct2t5c","Ilomantsi","interval",10,11,10,-6,-0.213333333333333,1.42,-1,-2,-5,-2,-0.34,-0.22,-13,-4,0.126666666666667,1.64,0,0,-2
"245","ssroj68q","Ilomantsi","best_guess",6,5,3,-3,-0.153333333333333,1.4,4,4,1,-3,0.726666666666667,1.02,-1,0,-0.88,0.38,1,1,1
"246","6cngkw3d","Ilomantsi","both",9,10,9,-6,-0.21,0.87,3,3,2,-5,0.0766666666666668,0.67,-7,-1,-0.286666666666667,0.2,2,-2,2
"247","50dccih7","Weiskirchen","best_guess",-3,-4,-5,-4,-0.0166666666666666,2.91,0,-2,-3,-3,-0.11,0.81,2,-1,0.0933333333333334,2.1,2,-2,2
"248","3f9g2ad9","Ilomantsi","interval",4,5,4,-6,-0.0866666666666666,0.6,-1,-2,-3,-4,-0.226666666666667,-0.12,-7,-2,0.14,0.72,2,1,2
"249","5xl45s0l","Weiskirchen","best_guess",1,0,-1,-4,0.513333333333333,1.06,0,-2,-2,-4,0.576666666666667,1.45,-2,0,-0.0633333333333332,-0.39,2,0,2
"250","rkap0xlg","Ilomantsi","both",12,11,8,-2,-0.103333333333333,0.63,-1,-1,-4,-3,0.196666666666667,0.53,-12,1,-0.3,0.0999999999999996,-1,-2,-1
"251","ylngn10o","Ilomantsi","interval",11,11,9,-4,-0.193333333333333,1.92,-1,-2,-3,-4,-0.143333333333333,0.79,-13,0,-0.05,1.13,-2,1,0
"252","d3u01cto","Weiskirchen","interval",0,-1,-2,-4,0.0833333333333333,0.97,3,1,1,-4,0.276666666666667,2.03,2,0,-0.193333333333333,-1.06,-1,-1,2
"253","2u5dy1x0","Weiskirchen","best_guess",3,2,1,-4,0.226666666666667,1.96,1,-2,-2,-3,-0.0766666666666667,0.87,-4,-1,0.303333333333333,1.09,1,2,1
"254","aln5k8ua","Weiskirchen","both",5,3,4,-5,0.0333333333333334,1.2,3,1,0,-3,-0.223333333333333,0.79,-2,-2,0.256666666666667,0.41,-1,2,-2
"255","txer25x7","Ilomantsi","interval",11,12,9,-4,0.153333333333333,1.26,-1,-1,-2,-5,0.293333333333333,1.32,-13,1,-0.14,-0.0600000000000001,1,-2,-2
"256","x98sar7y","Ilomantsi","both",6,7,6,-6,0.07,1.07,3,2,0,-3,-0.15,1.31,-5,-3,0.22,-0.24,2,0,-1
"257","rva1p6nd","Ilomantsi","both",11,10,7,-2,-0.256666666666667,2.05,-1,-1,-2,-5,0.656666666666667,1.69,-11,3,-0.913333333333333,0.359999999999999,-2,0,-2
"258","rd31g051","Weiskirchen","best_guess",1,-2,-2,-3,0.45,1.23,0,-2,-3,-3,0.38,0.8,0,0,0.0700000000000001,0.43,-1,1,-1
"259","kbcsxsr2","Ilomantsi","best_guess",8,8,7,-5,-0.00333333333333319,1.09,-2,-2,-4,-4,-0.18,0.24,-10,-1,0.176666666666667,0.85,-2,-1,1
"260","0roknpsv","Weiskirchen","interval",1,-2,-1,-4,0.0733333333333334,-0.32,3,0,0,-3,0.233333333333333,0.0399999999999999,2,-1,-0.16,-0.36,2,-1,-1
"261","7uvn4tuj","Weiskirchen","interval",0,-1,0,-6,0.363333333333333,1.15,3,0,1,-4,-0.126666666666667,0.42,1,-2,0.49,0.73,0,1,1
"262","tf5bng3x","Weiskirchen","interval",3,0,-1,-2,0.126666666666667,-0.16,3,1,1,-4,-0.0166666666666667,0.61,1,2,0.143333333333333,-0.77,0,2,-1
"263","yi9huptx","Weiskirchen","interval",6,4,3,-3,-0.0433333333333332,0.91,0,-2,-1,-5,0.26,1.28,-6,2,-0.303333333333333,-0.37,-1,0,-1
"264","yo5bzv5g","Weiskirchen","both",2,1,1,-5,-0.35,1.17,1,-1,-2,-3,-0.226666666666667,0.32,-2,-2,-0.123333333333333,0.85,-2,1,1
"265","1sp01jmv","Weiskirchen","best_guess",1,-1,0,-5,0.0733333333333333,0.88,1,-2,-3,-2,0.22,1,-1,-3,-0.146666666666667,-0.12,1,2,0
"266","ep1rik4v","Weiskirchen","both",7,4,5,-4,-0.263333333333333,1.83,1,-1,-2,-3,0.173333333333333,-0.14,-5,-1,-0.436666666666667,1.97,2,1,-2
"267","2in1teca","Weiskirchen","both",5,4,5,-6,-0.17,1.77,3,0,0,-3,-0.22,0.52,-4,-3,0.05,1.25,0,0,0
"268","0igrbni7","Weiskirchen","best_guess",3,2,2,-5,0.153333333333333,-0.28,-1,-3,-2,-5,0.08,0.0599999999999999,-5,0,0.0733333333333334,-0.34,2,-1,-2
"269","53cwthrg","Ilomantsi","both",11,10,9,-4,-0.236666666666667,0.85,3,2,-1,-2,-0.23,0.31,-8,-2,-0.00666666666666671,0.54,-2,2,1
"270","e9qf70k2","Weiskirchen","interval",2,1,2,-6,-0.186666666666667,1.68,3,0,-1,-2,-0.266666666666667,0.8,-1,-4,0.0800000000000001,0.880000000000001,1,-1,1
"271","4g9vfc9w","Ilomantsi","interval",9,9,6,-3,-0.133333333333333,0.84,1,1,0,-5,0.326666666666667,0.82,-8,2,-0.46,0.0199999999999998,2,-1,1
"272","tsxwpfs3","Ilomantsi","interval",7,6,3,-2,0.163333333333333,0.99,-1,-2,-5,-2,0.533333333333333,0.86,-8,0,-0.37,0.13,1,1,-2
"273","hcsw2tbx","Weiskirchen","best_guess",4,1,1,-3,-0.0733333333333333,1.7,0,-3,-4,-2,-0.243333333333333,0.85,-4,-1,0.17,0.85,-1,1,-2
"274","bw1mdws2","Ilomantsi","both",10,10,8,-4,0.37,2.09,5,4,3,-4,0.0033333333333333,1.33,-6,0,0.366666666666667,0.76,1,2,-1
"275","6s0ubsur","Weiskirchen","best_guess",4,2,2,-4,-0.0966666666666667,0.89,-1,-3,-4,-3,-0.213333333333333,1.78,-5,-1,0.116666666666667,-0.89,1,-2,0
"276","menowzgk","Ilomantsi","best_guess",5,4,3,-4,0.406666666666667,-0.44,-1,-2,-3,-4,0.463333333333333,1.15,-6,0,-0.0566666666666666,-1.59,1,2,2
"277","dl0vqgsp","Ilomantsi","best_guess",11,12,11,-6,-0.203333333333333,0.11,1,0,-1,-4,0.0433333333333333,0.23,-12,-2,-0.246666666666667,-0.12,-2,0,-2
"278","utqx7dmx","Weiskirchen","both",1,-2,-2,-3,-0.02,-0.24,2,0,1,-5,-0.156666666666667,1.01,2,2,0.136666666666667,-1.25,-1,-2,-1
"279","gdkskgc3","Weiskirchen","best_guess",5,2,1,-2,-0.0600000000000001,1.4,-1,-4,-4,-3,0.176666666666667,0.75,-6,1,-0.236666666666667,0.65,0,-2,-1
"280","t5gier6a","Weiskirchen","best_guess",-1,-2,-1,-6,-0.603333333333333,1.81,5,2,3,-4,-0.22,-0.0800000000000002,4,-2,-0.383333333333333,1.89,1,-2,-1
"281","s5a1d72c","Ilomantsi","both",9,8,5,-2,-0.0800000000000001,1.5,-1,-1,-2,-5,-0.336666666666667,1.83,-9,3,0.256666666666667,-0.33,2,-2,-1
"282","ext6xfm9","Ilomantsi","both",8,9,8,-6,-0.263333333333333,2.25,2,1,-1,-3,-0.196666666666667,0.47,-8,-3,-0.0666666666666665,1.78,-1,1,-2
"283","8ova8pz0","Ilomantsi","interval",4,5,4,-6,0.296666666666667,0.71,4,3,1,-3,-0.123333333333333,0.51,-2,-3,0.42,0.2,1,-2,-1
"284","zhrzptpg","Weiskirchen","best_guess",3,0,-1,-2,-0.173333333333333,1.86,4,1,0,-2,-0.563333333333333,1.47,1,0,0.39,0.389999999999999,-1,1,-2
"285","96w8rkhw","Weiskirchen","best_guess",-1,-3,-4,-3,-0.116666666666667,0.33,3,0,-1,-2,0.396666666666667,1.53,3,-1,-0.513333333333333,-1.2,2,1,-2
"286","8ikdgznp","Ilomantsi","interval",4,5,4,-6,-0.256666666666667,1.61,-1,-2,-5,-2,0.273333333333333,1.76,-7,-4,-0.53,-0.15,-2,-2,0
"287","is5evprq","Ilomantsi","both",10,11,9,-5,-0.0866666666666667,2.54,0,-1,-3,-3,-0.123333333333333,1.47,-12,-2,0.0366666666666667,1.07,-1,-2,-1
"288","25yzbkij","Weiskirchen","interval",0,-1,-1,-5,-0.2,2.02,2,-1,-2,-2,0.0733333333333334,1.36,0,-3,-0.273333333333333,0.66,1,1,-1
"289","3jlyh6z6","Ilomantsi","best_guess",11,12,9,-4,-0.456666666666667,0.17,2,2,0,-4,-0.0666666666666667,0.96,-10,0,-0.39,-0.79,-1,2,2
"290","8x0odnxw","Weiskirchen","both",1,-1,-1,-4,0.216666666666667,0.57,-2,-4,-3,-5,0.0366666666666667,1.53,-3,1,0.18,-0.96,1,0,-2
"291","9jud9fhp","Ilomantsi","interval",9,8,7,-4,0.0600000000000001,1.28,2,2,-1,-3,0.733333333333333,1.36,-6,-1,-0.673333333333333,-0.0800000000000001,0,2,0
"292","apkerg3t","Ilomantsi","interval",12,11,9,-3,0.353333333333333,1.54,2,2,0,-4,-0.0566666666666666,-0.0900000000000001,-9,1,0.41,1.63,0,-1,-1
"293","6u0gbqyf","Weiskirchen","interval",-1,-4,-4,-3,0.323333333333333,0.89,4,1,1,-3,-0.206666666666667,0.3,5,0,0.53,0.59,2,1,-1
"294","w87csr1j","Weiskirchen","interval",5,3,2,-3,0.34,0.84,1,-2,-2,-3,0.2,-0.08,-5,0,0.14,0.92,0,0,0
"295","ylfygxeh","Ilomantsi","interval",9,10,7,-4,-0.486666666666667,0.8,1,0,-1,-4,-0.0833333333333333,-0.45,-10,0,-0.403333333333333,1.25,-1,2,2
"296","5hmlu5we","Weiskirchen","interval",0,-3,-2,-4,0.14,0.42,1,-2,-1,-4,-0.46,0.66,1,0,0.6,-0.239999999999999,-1,-2,0
"297","l24gv46l","Weiskirchen","both",1,-2,-2,-3,0.103333333333333,1.07,3,1,1,-4,0.12,1.3,3,1,-0.0166666666666667,-0.23,-2,0,-2
"298","36xdszd0","Weiskirchen","interval",1,0,-1,-4,0.0733333333333334,0.92,5,2,1,-2,-0.0866666666666667,1.18,2,-2,0.16,-0.26,-1,2,0
"299","cjcc5i8j","Weiskirchen","interval",2,1,2,-6,-0.15,0.79,3,1,1,-4,0.113333333333333,-0.0800000000000003,0,-2,-0.263333333333333,0.87,1,2,-2
"300","j6qlzgiv","Weiskirchen","interval",4,2,1,-3,-0.246666666666667,0.52,2,-1,0,-4,0.41,0.61,-3,1,-0.656666666666667,-0.0899999999999997,-2,1,-1
"301","408o375k","Ilomantsi","both",6,5,3,-3,-0.0499999999999999,1.45,5,4,3,-4,-0.0533333333333333,-0.78,-1,1,0.00333333333333333,2.23,-2,2,1
"302","du9ax26t","Ilomantsi","both",11,12,10,-5,-0.0766666666666667,2.95,5,4,1,-2,-0.16,-0.08,-8,-3,0.0833333333333334,3.03,2,1,1
"303","or9cq3kc","Ilomantsi","both",3,4,3,-6,-0.44,1.6,0,0,-3,-3,0.0366666666666666,1.35,-4,-3,-0.476666666666667,0.25,-1,2,1
"304","92slq6fx","Weiskirchen","both",3,2,2,-5,0.0566666666666666,0.39,-2,-4,-5,-3,0.18,0.16,-6,-2,-0.123333333333333,0.23,1,2,1
"305","cdik4l1q","Weiskirchen","best_guess",2,-1,-2,-2,0.0766666666666667,1.35,-2,-4,-5,-3,-0.33,1.19,-3,1,0.406666666666667,0.159999999999999,2,-1,1
"306","reeky4q4","Ilomantsi","both",10,9,7,-3,-0.106666666666667,2.18,-1,-1,-3,-4,-0.48,0.84,-10,1,0.373333333333333,1.34,2,2,-2
"307","20c8aowu","Weiskirchen","interval",0,-2,-1,-5,-0.17,2.21,0,-2,-3,-3,-0.19,0.49,0,-2,0.02,1.72,-2,-1,-2
"308","dd9yiyci","Weiskirchen","both",6,4,3,-3,0.38,1.76,1,-1,-1,-4,0.17,2.47,-5,1,0.21,-0.71,0,2,2
"309","5pmpnkrx","Ilomantsi","best_guess",11,10,9,-4,0.156666666666667,2.19,-1,-2,-3,-4,-0.196666666666667,1.07,-12,0,0.353333333333333,1.12,1,2,2
"310","nzmcl8jb","Ilomantsi","best_guess",11,12,9,-4,-0.166666666666667,0.82,3,3,1,-4,0.0366666666666666,2.13,-9,0,-0.203333333333333,-1.31,-2,-1,2
"311","8jzkjo9b","Ilomantsi","best_guess",7,8,6,-5,0.23,1.67,-1,-1,-4,-3,0.456666666666667,0.99,-9,-2,-0.226666666666667,0.68,-2,-1,0
"312","l6d0c3ft","Weiskirchen","interval",-1,-4,-5,-2,0.64,1.24,0,-2,-1,-5,-0.166666666666667,1.42,2,3,0.806666666666667,-0.18,0,2,1
"313","4nq15ias","Weiskirchen","best_guess",6,3,2,-2,-0.0833333333333333,1.67,4,1,0,-2,-0.273333333333333,0.74,-2,0,0.19,0.93,1,0,-2
"314","cxaf7uwm","Ilomantsi","interval",9,8,7,-4,-0.286666666666667,-0.0199999999999996,1,0,-2,-3,0.0399999999999999,2.14,-8,-1,-0.326666666666667,-2.16,-2,-1,1
"315","0qh092b5","Weiskirchen","interval",2,1,0,-4,-0.203333333333333,1.41,4,1,1,-3,-0.1,1.58,0,-1,-0.103333333333333,-0.17,1,2,0
"316","jw3k56tz","Ilomantsi","best_guess",10,11,9,-5,-0.223333333333333,2.29,4,4,3,-5,-0.166666666666667,-0.48,-7,0,-0.0566666666666668,2.77,-2,1,2
"317","koe8pdrk","Weiskirchen","both",-2,-3,-4,-4,-0.266666666666667,0.36,2,-1,-2,-2,0.0433333333333333,2.73,2,-2,-0.31,-2.37,2,-1,2
"318","7yr92iul","Weiskirchen","both",0,-2,-1,-5,-0.423333333333333,0.21,2,-1,-2,-2,0.163333333333333,0.81,1,-3,-0.586666666666667,-0.6,-2,0,-1
"319","jcg9hpel","Weiskirchen","both",2,1,0,-4,-0.223333333333333,0.29,4,2,2,-4,0.0533333333333334,0.86,1,0,-0.276666666666667,-0.57,-1,2,2
"320","sj8j6s51","Ilomantsi","interval",4,4,2,-4,-0.0133333333333333,1.04,-1,-2,-3,-4,0.123333333333333,2.41,-6,0,-0.136666666666667,-1.37,-2,-1,1
"321","u6817o5x","Weiskirchen","both",0,-1,0,-6,-0.196666666666667,0.99,3,1,1,-4,0.0833333333333334,-0.41,2,-2,-0.28,1.4,0,0,2
"322","359d9umf","Ilomantsi","interval",5,6,5,-6,-0.556666666666667,0.43,-2,-2,-4,-4,-0.256666666666667,1.27,-8,-2,-0.3,-0.84,-1,-1,-2
"323","q3vd2z0a","Weiskirchen","interval",-3,-4,-3,-6,-0.18,1,3,1,0,-3,0.246666666666667,0.9,5,-3,-0.426666666666667,0.1,0,2,1
"324","9cjenh96","Weiskirchen","best_guess",1,-2,-2,-3,-0.0633333333333332,1.95,2,-1,0,-4,-0.236666666666667,2.41,1,1,0.173333333333333,-0.46,-1,1,1
"325","otyims93","Weiskirchen","interval",0,-2,-1,-5,0.25,0.75,0,-2,-2,-4,-0.09,-0.35,0,-1,0.34,1.1,-2,2,0
"326","3xsod53a","Weiskirchen","both",-1,-2,-1,-6,0.02,0.2,3,0,1,-4,0.0266666666666667,0.64,2,-2,-0.00666666666666677,-0.44,2,-2,1
"327","qmtc4t70","Ilomantsi","both",5,4,3,-4,-0.11,1.35,4,4,1,-3,-0.1,0.84,0,-1,-0.01,0.51,1,-2,-1
"328","zh9l5ozb","Weiskirchen","interval",6,3,3,-3,0.27,1.21,-1,-4,-5,-2,0.466666666666667,1.04,-7,-1,-0.196666666666667,0.17,1,0,-2
"329","vervzaad","Weiskirchen","both",1,-1,0,-5,-0.0433333333333333,0.67,-1,-3,-3,-4,-0.18,1.16,-2,-1,0.136666666666667,-0.49,-2,0,2
"330","mvqke7zm","Weiskirchen","interval",-3,-4,-4,-5,0.08,0.7,-1,-3,-3,-4,-0.133333333333333,1.98,1,-1,0.213333333333333,-1.28,-1,0,2
"331","x84v86h5","Weiskirchen","interval",2,0,0,-4,0.0466666666666667,1.1,3,0,1,-4,0.0466666666666667,0.0600000000000001,0,0,0,1.04,0,-1,2
"332","fqdmg65x","Ilomantsi","both",4,5,3,-5,0.11,1.71,-1,-1,-2,-5,-0.0966666666666667,1.05,-6,0,0.206666666666667,0.66,2,0,1
"333","7hny616w","Ilomantsi","best_guess",8,9,8,-6,-0.133333333333333,0.36,4,4,3,-5,-0.166666666666667,1.52,-5,-1,0.0333333333333333,-1.16,-2,-1,-2
"334","oargt6vz","Ilomantsi","interval",4,5,2,-4,-0.00333333333333341,2.05,5,4,3,-4,0.583333333333333,1.89,-1,0,-0.586666666666667,0.16,0,-2,1
"335","ikirdjb3","Ilomantsi","best_guess",12,11,8,-2,-0.0399999999999999,-0.02,5,4,1,-2,0.0933333333333333,0.28,-7,0,-0.133333333333333,-0.3,1,-2,2
"336","kekfwll4","Ilomantsi","interval",11,10,9,-4,0.0266666666666667,2.38,4,4,2,-4,-0.13,-0.47,-6,0,0.156666666666667,2.85,-1,-1,-1
"337","jiq82abg","Weiskirchen","best_guess",0,-2,-2,-4,0.236666666666667,1.17,0,-3,-3,-3,0,-0.3,-1,-1,0.236666666666667,1.47,0,1,1
"338","o7h2xjt7","Ilomantsi","best_guess",10,11,10,-6,0.143333333333333,0.83,4,4,1,-3,0.02,-0.62,-7,-3,0.123333333333333,1.45,-2,-2,-2
"339","pzvevccc","Weiskirchen","best_guess",0,-2,-3,-3,-0.116666666666667,0.53,0,-3,-2,-4,0.143333333333333,0.71,-1,1,-0.26,-0.18,1,0,2
"340","mt1mtery","Ilomantsi","best_guess",8,8,6,-4,0.166666666666667,1.96,4,3,1,-3,0.64,0.78,-5,-1,-0.473333333333333,1.18,-1,2,2
"341","dsus2k5e","Weiskirchen","both",3,1,2,-5,0.113333333333333,1.08,-1,-3,-2,-5,0.0966666666666666,0.87,-4,0,0.0166666666666668,0.21,-2,1,-2
"342","02z4v4e6","Weiskirchen","best_guess",-1,-2,-3,-4,0.29,-0.0700000000000001,5,2,1,-2,0.296666666666667,0.59,4,-2,-0.00666666666666671,-0.66,1,1,2
"343","fc73kktb","Weiskirchen","best_guess",5,3,2,-3,-0.583333333333333,1.09,3,1,1,-4,-0.0133333333333333,1.22,-2,1,-0.57,-0.13,2,2,1
"344","2z4q52y0","Weiskirchen","best_guess",0,-1,0,-6,-0.276666666666667,1.31,2,-1,-2,-2,0.4,1.14,0,-4,-0.676666666666667,0.17,1,-2,0
"345","uzh06b5e","Ilomantsi","both",12,12,11,-5,-0.333333333333333,0.48,4,3,1,-3,0.08,1.02,-9,-2,-0.413333333333333,-0.54,2,-2,1
"346","covmvwee","Ilomantsi","interval",4,4,3,-5,-0.266666666666667,1.38,2,2,0,-4,-0.226666666666667,1.32,-2,-1,-0.0399999999999999,0.0600000000000003,1,1,2
"347","r76pf7c5","Weiskirchen","best_guess",-1,-4,-3,-4,0.323333333333333,1.49,5,2,2,-3,-0.273333333333333,-0.36,6,-1,0.596666666666667,1.85,-1,-2,-1
"348","l2qo14yp","Weiskirchen","interval",4,2,3,-5,0.153333333333333,1.52,-1,-3,-2,-5,-0.0333333333333334,0.0999999999999996,-5,0,0.186666666666667,1.42,0,-1,0
"349","ugwm7iis","Ilomantsi","interval",8,9,7,-5,0.266666666666667,0.18,-1,-1,-2,-5,-0.01,1.37,-10,0,0.276666666666667,-1.19,-2,1,0
"350","s2nv1xad","Weiskirchen","both",0,-3,-4,-2,0.27,0.81,1,-2,-3,-2,-0.07,0.73,1,0,0.34,0.0800000000000001,-1,0,1
"351","cywjc3xq","Ilomantsi","both",8,8,7,-5,-0.243333333333333,0.57,5,4,3,-4,0.0200000000000001,0.86,-4,-1,-0.263333333333333,-0.29,-1,-2,-2
"352","n3zl6c5n","Weiskirchen","best_guess",3,0,1,-4,-0.393333333333333,0.0999999999999998,-1,-3,-2,-5,-0.173333333333333,0.08,-3,1,-0.22,0.0199999999999998,-1,0,2
"353","z8n9xmty","Ilomantsi","best_guess",5,5,3,-4,0.0166666666666666,1.17,3,2,0,-3,0.143333333333333,1.71,-3,-1,-0.126666666666667,-0.54,1,-2,-1
"354","7duxk0th","Weiskirchen","best_guess",5,2,3,-4,0.3,0.88,5,2,1,-2,-0.226666666666667,0.4,0,-2,0.526666666666667,0.48,2,0,0
"355","ft0qh9mq","Weiskirchen","interval",1,-2,-2,-3,-0.00999999999999995,0.23,5,2,3,-4,0.123333333333333,2.25,4,1,-0.133333333333333,-2.02,-1,-1,2
"356","a9yq342i","Weiskirchen","best_guess",1,-1,0,-5,0.0700000000000001,1.03,-1,-3,-3,-4,0.27,-0.11,-2,-1,-0.2,1.14,-2,-2,0
"357","3cf513xi","Weiskirchen","both",0,-1,0,-6,-0.226666666666667,2.9,4,2,1,-3,-0.546666666666667,1.3,3,-3,0.32,1.6,0,1,-2
"358","0j1gs65j","Ilomantsi","interval",10,11,8,-4,-0.196666666666667,0.45,4,3,0,-2,0.26,0.74,-8,-2,-0.456666666666667,-0.29,0,-2,2
"359","nmg2gzoj","Ilomantsi","both",5,6,3,-4,-0.0733333333333334,1.4,4,3,2,-4,0.0466666666666667,1.56,-3,0,-0.12,-0.159999999999999,1,-1,-1
"360","n7yr4utc","Weiskirchen","both",3,1,2,-5,0.0933333333333333,0.6,4,1,1,-3,0.143333333333333,-0.03,0,-2,-0.05,0.63,-2,0,-2
"361","xjivyf8m","Ilomantsi","both",11,10,9,-4,-0.0766666666666667,0.73,4,3,1,-3,-0.163333333333333,0.25,-7,-1,0.0866666666666666,0.48,1,1,-2
"362","q3fwdjvh","Ilomantsi","interval",10,11,10,-6,-0.0633333333333334,1.01,3,2,1,-4,0.0166666666666666,-0.71,-9,-2,-0.08,1.72,2,-1,0
"363","yobswd9f","Ilomantsi","best_guess",3,4,2,-5,0.28,1.04,3,3,0,-3,0.323333333333333,1.97,-1,-2,-0.0433333333333333,-0.93,1,2,-2
"364","11dbalqa","Weiskirchen","best_guess",3,1,1,-4,-0.00666666666666671,1.62,0,-3,-2,-4,0.116666666666667,0.89,-4,0,-0.123333333333333,0.73,1,0,2
"365","dwm9hhd4","Ilomantsi","interval",11,10,9,-4,0.0733333333333335,1.32,-1,-2,-3,-4,-0.106666666666667,1.04,-12,0,0.18,0.28,0,-2,0
"366","684ps57s","Weiskirchen","both",1,-2,-2,-3,0.0833333333333333,0.13,4,1,0,-2,0.136666666666667,-0.0100000000000001,3,-1,-0.0533333333333334,0.14,-2,0,1
"367","80rp7gtf","Ilomantsi","interval",10,10,8,-4,0.07,0.23,0,-1,-4,-2,-0.35,1.13,-11,-2,0.42,-0.900000000000001,0,0,1
"368","oplgtu2j","Ilomantsi","interval",12,11,10,-4,-0.116666666666667,0.71,-1,-1,-4,-3,0.00999999999999995,-0.89,-12,-1,-0.126666666666667,1.6,1,-2,-2
"369","4z5ee0kw","Weiskirchen","both",1,-1,-2,-3,-0.506666666666667,1.64,0,-2,-1,-5,0.0633333333333333,0.61,-1,2,-0.57,1.03,2,2,-2
"370","8fh05x6r","Weiskirchen","best_guess",4,2,3,-5,-5.55111512312578e-17,0.3,1,-2,-2,-3,-0.433333333333333,1.28,-4,-2,0.433333333333333,-0.98,0,-2,0
"371","a0minhr6","Ilomantsi","both",11,11,10,-5,0,1.28,-2,-2,-3,-5,-0.0233333333333333,1.49,-13,0,0.0233333333333333,-0.21,1,-2,0
"372","9ecgbvt3","Weiskirchen","best_guess",-1,-3,-2,-5,0.19,0.0699999999999998,2,0,0,-4,0.206666666666667,0.0199999999999996,3,-1,-0.0166666666666667,0.0500000000000002,0,0,0
"373","oeq6kbks","Weiskirchen","both",-2,-3,-3,-5,-0.37,0.91,3,0,1,-4,0.166666666666667,1.68,3,-1,-0.536666666666667,-0.77,2,0,-2
"374","40v76l1f","Ilomantsi","both",7,7,4,-3,0.223333333333333,-0.67,4,4,2,-4,0.15,1.67,-3,1,0.0733333333333331,-2.34,-2,-1,0
"375","a4ft5f6c","Weiskirchen","interval",4,2,1,-3,0.24,0.24,-1,-3,-3,-4,0.00666666666666671,1.46,-5,1,0.233333333333333,-1.22,-1,-2,-1
"376","u5vqpb5i","Ilomantsi","both",8,7,6,-4,-0.196666666666667,1.63,3,3,2,-5,0.483333333333333,0.29,-4,1,-0.68,1.34,2,2,0
"377","33be3ddu","Weiskirchen","both",5,2,2,-3,-0.316666666666667,0.35,-2,-4,-5,-3,0.0866666666666667,0.58,-6,0,-0.403333333333333,-0.23,-1,-1,1
"378","2ih2qmuu","Ilomantsi","interval",5,4,1,-2,0.31,1.51,-1,-2,-5,-2,-0.15,1.49,-6,0,0.46,0.0199999999999996,1,0,1
"379","d7u6p83l","Ilomantsi","best_guess",11,11,8,-3,-0.103333333333333,0.47,0,0,-3,-3,0.0299999999999999,1.99,-11,0,-0.133333333333333,-1.52,0,-2,-2
"380","pr0jmvvz","Ilomantsi","interval",9,9,6,-3,0.34,1.78,-1,-1,-2,-5,0.156666666666667,2.57,-10,2,0.183333333333333,-0.79,-1,2,2
"381","eua5lyyk","Weiskirchen","both",-1,-2,-1,-6,0.156666666666667,1.23,3,1,0,-3,0.0466666666666666,1.16,3,-3,0.11,0.0699999999999998,1,2,-1
"382","fugsgu1l","Ilomantsi","best_guess",8,7,6,-4,0.156666666666667,2.57,3,3,1,-4,0.0333333333333333,1.52,-4,0,0.123333333333333,1.05,1,-2,1
"383","d79n4b28","Ilomantsi","both",7,6,5,-4,0.02,0.22,1,0,-3,-2,0.0533333333333333,1.36,-6,-2,-0.0333333333333333,-1.14,-2,-1,-1
"384","figfqagz","Ilomantsi","both",8,8,7,-5,0.113333333333333,0.76,5,4,1,-2,-0.01,1.29,-4,-3,0.123333333333333,-0.53,-1,1,0
"385","zaom6igg","Weiskirchen","interval",1,-1,-2,-3,-0.453333333333333,1.32,2,-1,0,-4,-0.17,0.19,0,1,-0.283333333333333,1.13,-2,-2,1
"386","ea0kd78a","Weiskirchen","interval",-3,-4,-3,-6,-0.123333333333333,0.25,4,2,1,-3,-0.0766666666666667,2.17,6,-3,-0.0466666666666667,-1.92,2,-2,2
"387","tlzx9lth","Weiskirchen","interval",-2,-4,-4,-4,-0.173333333333333,0.52,4,1,1,-3,0.0033333333333333,0.79,5,-1,-0.176666666666667,-0.27,1,-1,2
"388","66qjom2h","Ilomantsi","best_guess",10,11,10,-6,0.143333333333333,-0.29,0,-1,-4,-2,-0.226666666666667,2,-12,-4,0.37,-2.29,-1,0,-1
"389","t84uta7u","Ilomantsi","best_guess",12,11,9,-3,-0.0366666666666667,1.09,-1,-1,-2,-5,-0.0700000000000001,0.53,-12,2,0.0333333333333333,0.56,0,-2,-1
"390","l7a3aduf","Ilomantsi","both",9,10,9,-6,0.216666666666667,2.77,2,1,0,-4,-0.33,0.93,-9,-2,0.546666666666667,1.84,1,2,0
"391","x64tiuzg","Ilomantsi","interval",3,4,3,-6,0.146666666666667,0.32,3,2,1,-4,0.203333333333333,0.89,-2,-2,-0.0566666666666667,-0.57,2,-1,1
"392","o2tk9fyi","Ilomantsi","best_guess",6,5,2,-2,-0.0866666666666666,1.9,-1,-1,-3,-4,0.356666666666667,0.25,-6,2,-0.443333333333333,1.65,2,0,-1
"393","88ypommk","Ilomantsi","both",11,10,8,-3,-0.19,1.09,5,4,1,-2,0.206666666666667,1.58,-6,-1,-0.396666666666667,-0.49,-1,-1,2
"394","3owg5exd","Ilomantsi","both",9,9,8,-5,0.223333333333333,1.31,2,2,-1,-3,0.33,1.77,-7,-2,-0.106666666666667,-0.46,-1,0,-1
"395","i22k43d4","Ilomantsi","interval",10,10,8,-4,0.323333333333333,0.47,0,-1,-3,-3,0.01,0.53,-11,-1,0.313333333333333,-0.0599999999999998,-2,0,2
"396","7lh2x6c7","Ilomantsi","both",11,10,8,-3,-0.123333333333333,1.21,3,2,0,-3,0.0900000000000001,2.13,-8,0,-0.213333333333333,-0.92,2,0,-2
"397","gr03a0w9","Weiskirchen","interval",4,3,2,-4,-0.37,0.31,4,1,1,-3,-0.14,-0.38,-2,-1,-0.23,0.69,2,-2,2
"398","cabxn4aa","Weiskirchen","both",5,3,2,-3,-0.176666666666667,0.85,0,-3,-2,-4,0.266666666666667,0.48,-6,1,-0.443333333333333,0.37,-1,-2,0
"399","k3555jm7","Ilomantsi","both",10,10,7,-3,-0.226666666666667,0.76,1,0,-3,-2,0.246666666666667,1.2,-10,-1,-0.473333333333333,-0.44,-1,-2,0
"400","h04j2v2m","Ilomantsi","interval",7,6,4,-3,0.33,1.51,3,2,-1,-2,-0.463333333333333,1.07,-4,-1,0.793333333333333,0.44,1,0,-2
"401","6znci7pp","Ilomantsi","interval",7,7,6,-5,0.286666666666667,0.92,-1,-2,-5,-2,-0.1,1.3,-9,-3,0.386666666666667,-0.38,2,0,-1
"402","ns4h6ls7","Weiskirchen","best_guess",4,1,1,-3,0.21,1.01,0,-2,-1,-5,-0.27,1.53,-3,2,0.48,-0.52,-1,-2,-2
"403","k2rtm6um","Weiskirchen","best_guess",4,2,2,-4,0.113333333333333,1.62,3,1,0,-3,0.0033333333333333,1.33,-1,-1,0.11,0.29,0,1,-1
"404","f79iyv8j","Weiskirchen","best_guess",2,1,2,-6,-0.0866666666666668,0.76,0,-2,-2,-4,-0.28,1.36,-3,-2,0.193333333333333,-0.6,-2,0,2
"405","pmkm4qyc","Weiskirchen","best_guess",-2,-3,-3,-5,-0.0866666666666667,0.38,3,0,1,-4,-0.4,0.84,3,-1,0.313333333333333,-0.46,2,0,-1
"406","opiyowkv","Ilomantsi","both",11,12,9,-4,-0.19,0.13,2,1,0,-4,-0.266666666666667,2.16,-11,0,0.0766666666666666,-2.03,1,1,0
"407","08m1pizz","Ilomantsi","best_guess",8,8,6,-4,0.0233333333333333,1.37,2,1,-2,-2,0.2,1.22,-7,-2,-0.176666666666667,0.15,2,-1,-2
"408","cym910cp","Weiskirchen","interval",-2,-3,-2,-6,-0.0566666666666666,0.35,2,0,1,-5,-0.293333333333333,2.54,3,-1,0.236666666666667,-2.19,-1,0,0
"409","rbsp1xc1","Ilomantsi","interval",5,6,4,-5,0.256666666666667,1.93,2,1,0,-4,-0.223333333333333,0.55,-5,-1,0.48,1.38,0,2,2
"410","czgrxxs4","Ilomantsi","best_guess",10,9,6,-2,0.293333333333333,0.36,2,1,-1,-3,-0.213333333333333,1.66,-8,1,0.506666666666667,-1.3,-1,-1,2
"411","jnvuzryn","Weiskirchen","interval",3,2,2,-5,0.02,1.08,0,-2,-1,-5,0.153333333333333,0.48,-4,0,-0.133333333333333,0.6,-2,0,1
"412","8i16rjzh","Weiskirchen","best_guess",-2,-4,-4,-4,-0.14,0.34,1,-1,-1,-4,0.173333333333333,2.14,3,0,-0.313333333333333,-1.8,0,2,1
"413","bbdpnnu4","Weiskirchen","best_guess",-2,-4,-3,-5,0.196666666666667,0.65,-1,-3,-2,-5,-0.306666666666667,1.22,1,0,0.503333333333333,-0.57,0,1,-2
"414","urld0ph6","Ilomantsi","best_guess",13,12,10,-3,-0.0433333333333332,0.37,2,2,-1,-3,-0.343333333333333,-0.55,-10,0,0.3,0.92,1,-2,-1
"415","8mqtta0l","Weiskirchen","best_guess",5,4,5,-6,0.116666666666667,2.03,0,-2,-3,-3,0.343333333333333,0.91,-6,-3,-0.226666666666667,1.12,1,2,2
"416","pcb4rofa","Ilomantsi","interval",10,10,8,-4,0.296666666666667,0.55,2,1,0,-4,0.0266666666666667,0.76,-9,0,0.27,-0.21,2,2,2
"417","18996apz","Ilomantsi","both",6,5,2,-2,0.116666666666667,1.01,5,4,1,-2,0.0966666666666666,0.75,-1,0,0.0200000000000001,0.26,2,2,-1
"418","jwqcnhmf","Weiskirchen","best_guess",3,1,0,-3,0.2,-0.56,1,-2,-2,-3,0.0299999999999999,1.71,-3,0,0.17,-2.27,-1,1,-1
"419","8bwhqczv","Ilomantsi","best_guess",12,11,9,-3,-0.0266666666666666,2.56,-1,-2,-5,-2,0.366666666666667,1.78,-13,-1,-0.393333333333333,0.78,0,-1,1
"420","2do1o91k","Ilomantsi","both",9,9,8,-5,0.0333333333333333,0.2,0,-1,-2,-4,-0.0866666666666667,0.98,-10,-1,0.12,-0.78,2,-2,-2
"421","a421si1w","Weiskirchen","best_guess",4,1,0,-2,0.0733333333333333,1.4,3,0,-1,-2,-0.346666666666667,1.02,-1,0,0.42,0.38,-1,2,1
"422","dxapuwol","Weiskirchen","interval",0,-1,0,-6,-0.0966666666666667,0.49,4,1,0,-2,-0.183333333333333,0.13,2,-4,0.0866666666666667,0.36,2,1,-2
"423","o4x583mt","Weiskirchen","interval",5,4,4,-5,-0.0700000000000001,-0.39,-2,-4,-3,-5,0.413333333333333,0.5,-8,0,-0.483333333333333,-0.89,2,0,1
"424","xsjo73as","Ilomantsi","interval",9,10,7,-4,-0.0100000000000001,0.67,3,2,1,-4,5.55111512312578e-17,0.92,-8,0,-0.0100000000000001,-0.25,-2,-2,1
"425","9fetw9mz","Weiskirchen","interval",4,2,1,-3,0.22,0.16,1,-1,-1,-4,0.12,1.46,-3,1,0.0999999999999999,-1.3,2,-1,-1
"426","abca49vn","Weiskirchen","both",3,1,1,-4,-0.16,1.06,0,-2,-2,-4,-0.246666666666667,0.36,-3,0,0.0866666666666667,0.7,2,-1,-1
"427","bhnivic2","Weiskirchen","interval",-2,-3,-2,-6,0.506666666666667,1.48,4,1,1,-3,-0.0600000000000001,0.48,4,-3,0.566666666666667,1,-2,1,2
"428","1e7jdleq","Ilomantsi","interval",6,7,5,-5,-0.36,0.94,4,3,1,-3,-0.163333333333333,0.87,-4,-2,-0.196666666666667,0.0700000000000003,1,1,1
"429","9mgyoi0t","Weiskirchen","best_guess",4,3,4,-6,1.11022302462516e-16,-0.0999999999999998,4,2,3,-5,-0.513333333333333,2.16,-1,-1,0.513333333333333,-2.26,2,-2,1
"430","kdlvy7ot","Weiskirchen","best_guess",-1,-3,-2,-5,-0.0633333333333334,1.35,1,-1,-1,-4,-0.15,0.29,2,-1,0.0866666666666666,1.06,1,0,2
"431","t3r1tmur","Weiskirchen","interval",4,2,2,-4,-0.09,1.63,0,-2,-3,-3,0.246666666666667,0.22,-4,-1,-0.336666666666667,1.41,2,2,-2
"432","vt4kmsnv","Weiskirchen","interval",5,2,3,-4,0.49,1.13,3,1,0,-3,0.0499999999999999,1.99,-1,-1,0.44,-0.86,0,-1,0
"433","dlt9vm5d","Weiskirchen","interval",-3,-4,-5,-4,0.143333333333333,1.51,4,2,1,-3,0.176666666666667,-0.31,6,-1,-0.0333333333333334,1.82,2,-2,2
"434","u0b9v2d7","Weiskirchen","best_guess",7,4,5,-4,0.0833333333333334,0.71,-2,-4,-5,-3,0.133333333333333,1.18,-8,-1,-0.0499999999999999,-0.47,-1,-1,-1
"435","3zban3l7","Ilomantsi","best_guess",10,10,8,-4,0.403333333333333,0.67,2,2,-1,-3,-0.0133333333333333,1.76,-8,-1,0.416666666666667,-1.09,-1,2,1
"436","gn56iuz7","Weiskirchen","interval",-3,-4,-3,-6,-0.483333333333333,0.77,0,-3,-3,-3,0.203333333333333,2.85,1,-3,-0.686666666666667,-2.08,2,-1,0
"437","n95ab0b5","Weiskirchen","interval",-1,-4,-3,-4,-0.206666666666667,1.04,-1,-3,-3,-4,0.136666666666667,0.77,1,0,-0.343333333333333,0.27,0,-2,2
"438","x2f4dmx4","Ilomantsi","both",12,12,9,-3,0.236666666666667,0.55,3,2,0,-3,-0.0233333333333334,1.05,-10,0,0.26,-0.5,1,-2,2
"439","q1ih3oz2","Ilomantsi","both",9,8,5,-2,0.256666666666667,1.37,2,2,1,-5,-0.22,1,-6,3,0.476666666666667,0.37,2,-2,2
"440","toei6lcg","Weiskirchen","interval",4,1,1,-3,0.0533333333333333,1.06,5,2,2,-3,-0.0700000000000001,0.51,1,0,0.123333333333333,0.55,-2,-2,0
"441","m917sobi","Weiskirchen","interval",4,1,2,-4,-0.306666666666667,1.34,5,2,3,-4,0.103333333333333,0.41,1,0,-0.41,0.93,0,2,1
"442","17tao46v","Ilomantsi","interval",8,8,6,-4,-0.146666666666667,0.42,3,3,1,-4,0.0866666666666667,0.74,-5,0,-0.233333333333333,-0.32,0,2,-2
"443","dwroucqr","Weiskirchen","best_guess",5,4,3,-4,-0.07,2.25,1,-1,-2,-3,0.07,0.07,-5,-1,-0.14,2.18,-2,-2,0
"444","jxtg5gom","Weiskirchen","both",-2,-4,-3,-5,0.1,1.18,1,-1,-2,-3,-0.16,1.18,3,-2,0.26,2.22044604925031e-16,2,2,0
"445","i83caf3z","Weiskirchen","interval",3,1,1,-4,0.336666666666667,0.0700000000000001,-1,-3,-4,-3,-0.0600000000000001,1.06,-4,-1,0.396666666666667,-0.99,2,0,2
"446","mzpdsv0g","Weiskirchen","best_guess",1,-1,-2,-3,-0.23,1.19,-1,-3,-4,-3,0.16,1.68,-2,0,-0.39,-0.49,2,-2,0
"447","ce9v1n4y","Ilomantsi","interval",9,10,7,-4,-0.34,0.74,2,2,1,-5,0.133333333333333,0.7,-8,1,-0.473333333333333,0.04,2,0,2
"448","npzesy09","Ilomantsi","interval",10,10,8,-4,-0.3,0.74,0,0,-3,-3,-0.156666666666667,1.21,-10,-1,-0.143333333333333,-0.47,-1,0,0
"449","rxp6rnl8","Ilomantsi","best_guess",10,11,10,-6,-0.406666666666667,-0.16,5,4,2,-3,-0.143333333333333,0.00999999999999973,-7,-3,-0.263333333333333,-0.17,2,2,2
"450","egcezg97","Ilomantsi","interval",7,8,5,-4,-0.0933333333333334,0.98,3,2,-1,-2,-0.373333333333334,0.94,-6,-2,0.28,0.0399999999999998,0,-1,-1
"451","7ipf8tpe","Weiskirchen","interval",0,-1,-1,-5,0.16,-0.44,1,-2,-3,-2,0.126666666666667,-0.36,-1,-3,0.0333333333333333,-0.08,1,-1,-2
"452","7xdofwpk","Weiskirchen","both",2,-1,-1,-3,-0.0533333333333333,2.08,-1,-4,-3,-4,-0.143333333333333,2.05,-3,1,0.0900000000000001,0.0300000000000002,1,-2,-1
"453","ovqi3je8","Weiskirchen","best_guess",-2,-3,-3,-5,0.133333333333333,1,4,2,3,-5,0.163333333333333,2.19,5,0,-0.03,-1.19,-1,0,1
"454","x4r689ml","Weiskirchen","interval",2,0,-1,-3,0.0866666666666666,0.78,1,-2,-1,-4,-0.0499999999999999,1.01,-2,1,0.136666666666667,-0.23,1,-1,-2
"455","9gsyfrzy","Ilomantsi","both",5,4,1,-2,-0.46,0.92,3,3,1,-4,-0.326666666666667,1.94,-1,2,-0.133333333333333,-1.02,-2,1,2
"456","nvjd4pzr","Weiskirchen","interval",3,1,0,-3,-0.236666666666667,1.45,3,0,1,-4,0.0333333333333333,1.48,-1,1,-0.27,-0.0300000000000002,0,1,-1
"457","40wuy46q","Weiskirchen","both",1,0,0,-5,-0.436666666666667,0.35,2,-1,-1,-3,0.14,0.92,-1,-2,-0.576666666666667,-0.57,0,-1,2
"458","8w8ocxhm","Ilomantsi","best_guess",8,7,5,-3,0.186666666666667,1.18,0,0,-2,-4,-0.103333333333333,2.05,-7,1,0.29,-0.87,0,-2,-1
"459","k91251bl","Weiskirchen","both",0,-2,-2,-4,0.103333333333333,0.87,4,2,2,-4,0.156666666666667,0.53,4,0,-0.0533333333333332,0.34,-2,1,-2
"460","07p28y4z","Weiskirchen","interval",1,-1,0,-5,-0.306666666666667,-0.62,-2,-4,-3,-5,0.19,-0.71,-3,0,-0.496666666666667,0.0899999999999999,2,-2,1
"461","6nbqsojs","Ilomantsi","both",10,10,7,-3,0.0333333333333334,0.18,2,1,-1,-3,0.05,-0.81,-9,0,-0.0166666666666666,0.99,1,1,-1
"462","x7642z52","Weiskirchen","best_guess",-2,-4,-5,-3,-0.0633333333333334,-0.23,3,0,-1,-2,-0.136666666666667,0.51,4,-1,0.0733333333333333,-0.74,-2,-2,0
"463","hxzcypzl","Ilomantsi","both",5,5,2,-3,0.22,1.44,5,4,1,-2,-0.39,0.39,-1,-1,0.61,1.05,2,1,-2
"464","we4e270o","Ilomantsi","interval",6,7,4,-4,-0.263333333333333,1.79,1,1,-2,-3,0.1,0.64,-6,-1,-0.363333333333333,1.15,0,-1,2
"465","5kjt6ewh","Weiskirchen","both",4,3,2,-4,-0.39,0.95,3,1,1,-4,0.4,0.72,-2,0,-0.79,0.23,-1,2,-1
"466","ozid4gib","Weiskirchen","best_guess",1,0,-1,-4,0.0366666666666667,1.87,-1,-3,-4,-3,0.41,0.43,-3,-1,-0.373333333333333,1.44,2,-2,2
"467","8wukrc0c","Ilomantsi","best_guess",6,6,5,-5,0.103333333333333,1.11,3,2,0,-3,0.15,2.17,-4,-2,-0.0466666666666666,-1.06,0,-2,1
"468","nk2bioqf","Ilomantsi","interval",4,5,3,-5,-0.363333333333333,0.05,2,1,-1,-3,0.35,1.89,-4,-2,-0.713333333333333,-1.84,-1,0,-2
"469","5pd0en0v","Weiskirchen","both",3,0,1,-4,5.55111512312578e-17,0.46,-1,-3,-4,-3,0.126666666666667,0.98,-3,-1,-0.126666666666667,-0.52,0,0,-2
"470","wja7mrzy","Weiskirchen","interval",5,4,5,-6,0.173333333333333,0.94,5,2,2,-3,-0.12,1.82,-2,-3,0.293333333333333,-0.88,-1,2,0
"471","nug83chn","Weiskirchen","best_guess",2,-1,-1,-3,0.02,1.38,3,1,1,-4,0.0266666666666666,0.62,2,1,-0.0066666666666666,0.76,-2,-1,0
"472","xl9uhbyc","Weiskirchen","interval",0,-1,-2,-4,0.153333333333333,0.32,-1,-4,-3,-4,0.293333333333333,0.36,-3,0,-0.14,-0.0399999999999998,0,-2,-1
"473","a1s2wvgd","Weiskirchen","best_guess",2,0,-1,-3,0.02,0.72,0,-3,-4,-2,0.0899999999999999,-0.45,-3,-1,-0.0699999999999999,1.17,2,2,-1
"474","xl7dvnso","Weiskirchen","interval",0,-1,-2,-4,-0.126666666666667,0.34,3,0,0,-3,-0.0533333333333333,0.68,1,-1,-0.0733333333333334,-0.34,1,2,-2
"475","cw39o0u3","Weiskirchen","both",6,3,4,-4,0.29,-0.0700000000000001,2,-1,-1,-3,0.2,-0.34,-4,-1,0.0900000000000001,0.27,1,-1,-1
"476","fl3up1xt","Weiskirchen","both",-3,-4,-4,-5,-0.116666666666667,1.85,-2,-4,-5,-3,0.113333333333333,-0.44,0,-2,-0.23,2.29,-1,-1,0
"477","bvakobfw","Weiskirchen","both",6,3,3,-3,0.29,1.55,1,-1,-2,-3,0.0733333333333334,1.42,-4,0,0.216666666666667,0.13,0,-1,2
"478","3wzljpu3","Ilomantsi","best_guess",5,6,4,-5,0.13,1.35,1,1,-1,-4,-0.03,2.11,-5,-1,0.16,-0.76,0,0,-2
"479","iqyqum6l","Weiskirchen","interval",3,0,-1,-2,0.0533333333333332,1.52,5,2,1,-2,-0.02,1.94,2,0,0.0733333333333333,-0.42,-1,0,1
"480","c8wabi0w","Ilomantsi","best_guess",9,9,8,-5,0.59,1.45,1,1,-1,-4,0.323333333333333,1.73,-8,-1,0.266666666666667,-0.28,-2,1,2
"481","72aa42qx","Weiskirchen","both",0,-1,-2,-4,-0.303333333333333,1.75,0,-3,-2,-4,-0.0566666666666668,0.0499999999999997,-2,0,-0.246666666666667,1.7,-2,-2,1
"482","kwwq78ku","Ilomantsi","interval",6,7,4,-4,0.396666666666667,1.49,2,2,1,-5,-0.02,1.88,-5,1,0.416666666666667,-0.39,1,1,2
"483","vgnthspb","Weiskirchen","both",-1,-2,-3,-4,0.196666666666667,1.41,0,-2,-2,-4,-0.196666666666667,1.43,0,0,0.393333333333333,-0.0200000000000005,1,1,1
"484","aqgznajs","Ilomantsi","interval",10,9,7,-3,0.176666666666667,1.45,2,1,0,-4,-0.08,0.62,-8,1,0.256666666666667,0.83,-1,1,1
"485","1gr01umd","Weiskirchen","best_guess",2,1,0,-4,-0.336666666666667,2.03,0,-3,-4,-2,0.263333333333333,0.25,-4,-2,-0.6,1.78,0,1,0
"486","5fys6e7o","Weiskirchen","interval",-1,-4,-3,-4,-0.196666666666667,0.43,5,2,3,-4,-0.293333333333333,1.5,6,0,0.0966666666666667,-1.07,0,1,2
"487","7208mmrq","Weiskirchen","interval",-1,-2,-3,-4,-0.256666666666667,1.39,5,2,3,-4,0.08,0.88,4,0,-0.336666666666667,0.51,-2,1,2
"488","j9ridiw0","Weiskirchen","best_guess",6,4,4,-4,0.196666666666667,0.81,5,2,1,-2,-0.25,1.41,-2,-2,0.446666666666667,-0.6,1,2,2
"489","etnthyg1","Weiskirchen","interval",1,-2,-1,-4,-0.07,1.45,5,2,3,-4,-0.00333333333333341,-0.0100000000000001,4,0,-0.0666666666666665,1.46,-1,-2,-1
"490","4ilgqrn5","Weiskirchen","interval",2,-1,-2,-2,0.166666666666667,0.52,2,0,-1,-3,-0.32,0.92,1,1,0.486666666666667,-0.4,-2,-2,0
"491","tcsufzto","Weiskirchen","both",6,3,3,-3,0.103333333333333,1.37,5,2,3,-4,-0.306666666666667,1.36,-1,1,0.41,0.0100000000000005,-2,-2,2
"492","b2fmfvxp","Weiskirchen","both",4,2,2,-4,0.163333333333333,1.11,2,-1,0,-4,0.55,0.47,-3,0,-0.386666666666667,0.64,-2,-2,0
"493","3e7ov263","Weiskirchen","interval",6,3,2,-2,-0.136666666666667,1.21,2,0,-1,-3,-0.0666666666666667,1.66,-3,1,-0.0700000000000001,-0.45,2,0,-1
"494","2smk4vr0","Ilomantsi","best_guess",4,4,3,-5,-0.246666666666667,1.28,5,4,1,-2,-0.186666666666667,-0.3,0,-3,-0.06,1.58,-1,-1,1
"495","j1c1laza","Weiskirchen","interval",4,1,0,-2,0.15,0.31,-2,-4,-4,-4,0.26,1.32,-5,2,-0.11,-1.01,0,2,0
"496","n5crvsa7","Ilomantsi","interval",11,10,9,-4,-0.106666666666667,0.84,0,0,-3,-3,-0.226666666666667,0.52,-10,-1,0.12,0.32,1,-1,2
"497","1okzjyi2","Weiskirchen","both",-2,-3,-2,-6,-0.24,1.94,4,2,1,-3,0.35,1.81,5,-3,-0.59,0.13,-1,2,1
"498","q4yyy5w9","Weiskirchen","interval",2,1,2,-6,-0.236666666666667,-0.19,4,2,1,-3,0.106666666666667,0.96,1,-3,-0.343333333333333,-1.15,-2,-2,1
"499","8k6lkvbt","Weiskirchen","best_guess",5,3,3,-4,-0.03,1.07,0,-3,-2,-4,0.206666666666667,1.82,-6,0,-0.236666666666667,-0.75,2,1,1
"500","5jwkvg8x","Weiskirchen","interval",-1,-3,-4,-3,0.303333333333333,1.63,-1,-3,-2,-5,-0.156666666666667,0.55,0,2,0.46,1.08,0,-2,-2
