tic,Sonderincentive
0e379132b6dab27b63921c941312840f,10
ca48f818955f9a22b31d290dc2a28723,10
6ccf7afc080efce8a5d08fe2b3547b3e,10
50a040bc4e4e9266a0f40b85fd4e4d0e,10
c1709a48b7d3e4a55aeaf6feb55eaf69,0
79c8aa8a670d96b4afb54af9fca6e6a8,10
0c42458206b38f6b28125c23ac8fbd8b,10
420284305a7126b1c1c27dd99fc7e6e4,0
7fdb832c62e5065f1a87b11fe0db214e,10
b75d4dcfd8ca9ebf67567b1574af385f,0
050f10cbd2017f6909aac38e7a8b4f31,10
459d269a415119ef96cf16780ecfcefe,10
409eef2470d0b3faba216079e86673ae,0
d0a81e96284c7076c57149b5849b9228,0
4534d2bca553126257105dc285e7ebc8,10
587c7fa3ab3b6712232aa77d34d5e960,10
91a40ed1a5ad382d21547929d091e9f3,10
1b09042adc396e580c03bd3662949f6f,0
91c5b63c0ce8a5177e01d7a1bbeda549,10
6a0bbc0dff47f3ff549e38a5ae5b9d4a,10
ba706d8de622f2a76a8d6000e36eff71,0
d5e1fb900e41298bf5cd592224dfae0d,0
2f5941f169030fb235172bdd40c4b95d,0
6c889df6056782d1699f00726a4bdbef,10
13597e0b2de3e0b654acd5165b6e9e3d,0
d5e8e32a7be2fa6e99068c70c15e05b0,10
ff4df2cccd52a493da029cfe662e8a07,10
25a18871f8c7ce3f9f61c13510385a09,10
a77d1cc2421314892fc693032dad6514,0
c6ce049b082bbf07c958bb84e08e6438,10
a8ae8c64f88ea155fc7ed53e74706bdb,0
b60e67350b281cc3cef9ef52c0946c72,10
08dc13660d20537816f54b38cc283b8b,0
c904ee87be22eb12b2afdc94790a8cec,10
4454ca044c74d444401e99354c1e2f5f,0
b0e9620aa9fe2d12ce05b8144df10046,10
a204c88dadc0ec3b115562eaeec068a8,10
25ef47478e835c4194aad2dd5b373b4e,0
178387751e848e3703cdba08c529cef9,10
d71dd4df45223c886d365eb367c25153,0
cf9bfa5c30c058efc1c467081b1f857c,0
62694c5136e6c6c28a286cc3b758eb86,10
2345fbeaf4bbbe983529ecccc4600c30,10
455ac02524cfdd6d52bf14b2a0f8d3f7,10
c49eed9bc46907a38ee28c37ef444f3d,10
3657d7754c646d93c85dff1a4ef26f4b,0
d85f6dc4e8296dd1025fbd4203c4870a,0
d04505f7da4b0d40ccb260f5175122f1,10
175a0043ae15b4388cef3ccab0d17143,0
5d61dbe8696e089028b9dc18f4326171,10
6b8cfde6bfc7d5a2f2bcb809693d9bda,10
27fd37a28825171f10d5834d129d99b9,0
86b11eae68538ce50c5bb0d3226d4062,0
07c22971ce6d806dbafb831f2adc684f,10
41eaacf68b46a2a64598872cd7326b68,10
5744236ff739e5ccd0ec6d3404fff8c8,10
db35a91cb04589c5230fbe6f9694f738,0
d696e74f31924f273bee01e5cd9f5965,10
97e13f0576551cc0661e1ef14c1c6de6,10
e114f6c9356a166556c389c8e5c73a10,10
e365ead9fb660252660fdf67d5cc3b57,10
e4ff06f9692dbe9b9a25e8df30ff4ac3,10
99fa25aa3152c4c5ad8d4d23e745d7dd,10
d52d5411fc944090464dce43948c33a2,10
323d244e4f2832e43876c7bcf16a7513,0
66cdd2c135c6c2b593199aa475e05a87,10
912e7b19f63ab73784b612b2646808e3,0
7ed0a6461d2f6f3cd6cbd6427004e33e,0
63110027c58b760da0b7e1d967683dab,10
08a8680acf9eb34963edcc1f9e846aaf,0
afda00fddedb6183472f63b7f674a3e1,0
604426bac09a26a9c2cb3d8b0303fab6,10
e45ac50c30bd9c547d7177b403c5e11d,0
614174c6b81896018c109cc977154fcb,0
93cdacf53a89a6b810612e77b5d01879,10
658480cabf7d0d54348c450d6eab7554,0
a7e3e333ea99e88ce7b6be0e587f452e,0
f7ee1d30e3b470666bc883c27ae9a021,10
dee77f8797e658d2f2df062fd60476fb,0
d32b32f5c668bb76cc44c7f38286606f,0
68da8d74104bd186e6eb178e3715866e,10
922b69d4609f133740b5a393e2b24240,0
1e7b7963f7273adb118b710772be1a01,10
4cea8e1271e0e80aa22575e5e60fe948,0
113eb44bf380cc260e4bdab94b747714,10
68116564f63696345574badbe92c06da,10
770f9dd415a748714e599dbd4ed0dcec,10
0b64254a01366694887ed3400fc2e78f,0
4658e782e8de3d767dc787b2ea12c741,0
5c1b0a5d51384075920ce441f4d34c8f,0
57463287b2e8a141ccb04b316c7b2f1c,0
e2c3794fd464a16deeccd030d068eba9,10
d4c683f6a186016d47fb9a4ffa406dbc,0
b4a0e060336e3153113d08510ccf57b4,10
6174bc4a719a8a5de5a6c78ae94ff91b,0
d6854fb4cd9220e1d5fb22a8ceae48b2,10
89ad246e7e53ce872f82f5eb5590f126,10
cca908cc641c7839fb9dcbb327569cb7,0
6d6eadca0c78a96aaf87cc5f227fb787,0
1b028fdc1d9fbb8163b2829feca26a58,10
dfbc4d38c4f12fa3248a16c0589e0b5e,0
3b3c90e0ba2a89b6f4954bc00d5a981f,10
6af74011a1fee06e51989d16ae912f13,10
b9ad5b8b6fd363bfb07f0cd1c38973ee,10
80c7b7625c5e1ecfa2bb5eee65a159f2,10
2101bfabad383ad47baa43f27ae62454,0
a0fc06dd02ca148ab2a19645289fd467,0
2707262d2486391b85be28e459694d77,10
65c1062c1198133c8042efd2a0ab5fbd,10
aa39d9e1277f3a5f8802ff623736550e,10
931ec314ad7b73cb124bcf8d8873b1a8,0
70330a44f2769bbaaea3382de7c702ce,0
dce744419371b0b1175af2a420515552,0
be2da0cd94d1ac7e7f2a251670fa3fe9,10
69e07e2d86982306a204b40c55094f18,10
da874d87229cf8b4e29d9fcfbfa8f313,10
23a0822b982cc1b63bce4e0fe08b368b,10
366b49dd0992b77437f2306337c5f670,0
b6d990211b0e9baabf568227169c0955,10
3c323575d018b8bf6872c9b47dd71314,0
cf1921dbcfa692611e636f9277de5b9d,10
8a0c0b95e8af8f729fffc0f80ccaf8a7,10
d2a316ce5068e7ba5d62d6fb77d6f407,10
cc160590e8359752ed6dc5caa2ddc331,10
574c4e57a7e73a9b05c35556c133c5c4,0
3ccf3d02fb1c4f62989aac0a80734813,0
7de30d32c7cf70de746bb49c4ba4af5a,10
423c55f7a4dd18115a4ba8b20c1e2b27,10
0f67ee9015e2f676e6be4d227d4269a2,10
358ba6d864ff17aa4ea8c73279a27a73,10
fedb79889263e38fc8e8fc1292dd4a87,0
2f5630ac3a38c3c99a51288d985a3afd,10
d68b1182288400cd915c853aa402dd9e,10
2eb4069361fbb7650150fefd18a6b758,0
ab85a18d23675767873a15599f108e19,0
ff70d66dd02ed68f57cbc09a5677dea1,10
eed6ff6ae39211250ced7e13678a4e8b,0
41fd6336e8a46137985d65d15d220af2,10
87954c0feda8500b1e1ef37904bc186e,10
87e2dd16290dac770a170afb0d99d0dc,10
d6a292928e541ff019998d9f89a21c89,0
91771fd1717210bf94f6851a019d22c9,10
f0bab5c67638a6331f4de39a47fb0296,10
04ccd283cf2c5d3e7e89135b671eb474,0
fa9ca54ddea5f2883a4dc506c23dd85b,10
c7af18e59b13fb7435d8d9e31100c343,10
0083029654e908e04a0fb7a8ff8f2be1,10
87091a1bc22c7c720e799503be0677dc,10
e88b4050d508a2ae840483c87b0aee6e,0
9e501b27b396e604bbf336dd3d3771ee,0
4112ce93985c94cce39b011eea23921a,0
f8d406549978f3453a4f7639195cf316,10
c615196f6052b49a81068c54f1dfa46f,0
0356e79f082021750d35d4fd631f3d46,10
b6fc08c233639864e2c25cd18502b961,10
c9ad524978bbd37b48a94ed8ae65fbc3,10
6b00819e97bd33c72a07b6f92aa7e4f0,0
732d045acef63c38ca1cae84cc6e2fca,10
4822c5540c9816b74bf078ae526874ed,10
98c73bdb98085fe9888457e8884257fd,10
3f372a0167e228258cadc3536853458f,0
77bf669f39e50eed21798c32f2e57fc4,0
04536af9f53d8be08f1434adab491d7c,0
074bccf085224a7bef10dd8894603d1a,0
8db4f25b927c6bae9e96e2b539c71dd2,0
ced6a390b5e890ab1ab223a5803d7042,10
33e631c268776121e9f3124d394b73d5,0
b2332e959ef451b8dc908b5ff7a920da,0
e4b690d07b3ea61cd6e1e8d21680b81f,10
810780cad9f1333567adc47ad7225fd8,10
d9c7a88aba395ab02f72bb88cb48a238,0
ca8dc29a51a8221fbce0f0bfd713459f,0
e3f4909c9bb8922b6df7274ed2cebd92,0
bc1282205f5da6c63bb137f006546fec,10
c4a3687c4764e48cb146593d2ac3e2b6,10
2da54733ba6565c267666048fa6dc891,0
57da6b5499f222bb7d08e68617e3baa0,10
fc11846ccb2986aae75283953af04111,10
a0b5f630e8c1f31849b02d0203d34654,0
59ffda7a1e8e70c14eb49c04e95c38cc,10
30524e7ea35d4a8d28591df69b9c0b7b,10
67ac671218cdee363747f805fe74b399,10
fe678f7c30427d221e85888d21c3330c,0
c2bcf85bc335c8f27ff7b521823a833a,10
a3ccfce5ad9311cffbcd13802793675f,0
490cbcaadcc23f42dbae459a40b52f48,10
2c007809850884951849ad1018fc57d7,0
2530ae0221b4f48d40743df40e8577db,0
022b4b9941fc2399390487ca4f9f5246,0
2c263fb6bbe22b2e5e0958595ff8f360,0
a7555a1f3e266c8cfad901ce732a2425,10
5b5a4cfc05b2254c1c4cc19218ecb12e,0
cc27b9d68f5c6bdc5ecd255578da5791,10
81d4c03659c684b7eaf35e6d3611f3bc,10
2da80546fb56edac5d5b6ebf95a29e5f,10
16778a964bab714edb168fc38617573d,10
853c40f0e4cfd714e7b109fd8d21b478,0
554ced71d08da5bee56f3337f843ca50,0
d02199205aaf4ff9dfe072ee65503838,10
dc489d1af3e1568d8e260a6065a44e84,10
918604fc324f259354bafd73e02f21ca,10
05869661b08775cbaf6e85f894706482,10
32d152c725bef50cc8f56ef6cbe77cfc,10
6cf12b15329b2907af18ab9d8e0d1f01,0
91eebb3aaed158579f6e91f12ef5fab1,10
984e05d0547ae890a73d3cc0eeb5f20b,10
ca7c2b05ce89db76c5ebbe8803ab1e4f,10
b6feaf9638eef5afc5e7b95af9ca7361,0
c72890cfceea2b9367a086687795192e,0
5b3c301d1132d1e49316ddd36b1ee6a9,0
9f3267f582fded18ec7121dfc96f070c,0
37ffd860035d7d6e0d2c0d28f0569361,10
8310d09bd1f7fe309be8d3f2cfe657e6,0
371ef16398de6da0e6fb7566294f82e8,10
d9e52218665df434f463e77bfece6cba,0
9a04bc31ba12df650ab86de956df185d,10
b422fbff56895d3d625381b83abe045b,10
7aa6b2bc1e08a0912e9ebf84246c5825,0
c4023d035c6871214c9b63e9d8074ed6,10
818fd70b7d566faa66fba3e1d08cc433,10
24cc55f4f05cf0bd1cdc3dfa9417319d,10
f5f6134b6dfff7672dcd64c1bd9030f7,10
75299bb41ffb70701b3ee02c303276af,0
34813a33a25fbdc67ff34ac7b044d408,0
3949308f899d8adfb948ddd1672fa6f0,10
041ed5ab429aeb34d1c0c8da5d3d2ec8,10
fad291052eb78b3e8f43977977ebbc22,10
a9d5fe6ac54f3056a88292c992d78057,10
f539014b0d7efbdcfdd09e576c6b04ce,0
42b9cf3ab5d23fdca4a4ef73c50d055d,10
5ba1abe9b3df63387636e9302162455b,10
1e874ec4dd1e1b61856de49bc3ad62ec,10
a2e53dcaa71de0dcd06baf9125575d4e,0
044cd99c233cf586a1bc97c311f355ae,10
694ed6df7b9b09cadea3457771306f73,10
9cc84c8cbd3bf704df4bb77375b37958,10
a16d5e3fa403a19b9af70fd6cc3de623,10
99335b26df5a05bfa4330807202392dc,10
f3a4e1de8e7ada6c1e96cee695be0827,0
f4e4436d4d3d2523bd0f9932f32be14f,0
e1094e6b072abd385f36491056956eb5,10
4a31cd2039b89da517918aac68af3ce2,10
661452f80fae08db58a8c6decfda5ba2,10
df068482378a5e9d10c6f2600d5d425a,10
9d8608f9edc26902d77cd953a1dc3f91,0
89f359dda86e79ca3181b8c18ab22fb8,10
bcbac95397b2864efabd41f52d812b6d,10
6d2569776160a9577f37a4f3cb5a9d13,10
85551468c2f523b926b8d414364df9d6,0
1192db39a19a07b3095fbdc975d63df1,10
65a2b05ae583cf7eda619a01292d7640,0
951f32f749a50925eed438af6ededc6d,10
5a155d56a922357bb18a4405d6570253,10
48c2ba5c61dbf2d7d105b7da335fc4a1,0
24361f7aca012af5a70cb59d43674bf4,10
b50d69bce2789011fc5c72333ef3f675,10
53f2342ae1e852215cef40515f1f0f74,0
3d61ac7e5d3b48c354a034ce3debd7c2,0
065d3a67ebfcc6ad666848868e0ac19c,10
4bafffeee077c46913f9c102f6c1e1cb,10
74ec9e03e6d4ec3327872dca0f5f5f18,0
20c45c0521d12dbd64acfa569b8e2f2e,10
af80b146f9a0f5f724eef2161aea1179,10
80d09e46b67566af9bc4c88c41b47748,0
7256ca5008dc9ec513e714276119860f,0
fc6c4dab5d5b60341475344c54583ea4,10
da3b45f4ec3afb4b03a629cc3ac47d00,0
5b69ef7c486a71a13aced0570b2ab15c,0
174ee25a49a96c3e1c71d16d50d28137,10
39ab55acb286320ffc38f7d7b1f6ecdc,10
92d36c2d02ea20630daa9df644f31e87,0
6f95d665861faa6fbeb825f5d19244f2,10
17b1e7c8af69c471dbc5467d33e212c2,10
82ba087bcdef0c285dd8a77c16f88baf,10
9f0a5e8d101ee9142bf705e64161aad4,0
6ae2eda401e10427eefcfcb474faf6dc,10
bfda57cb84f4925bfd97300df37b1712,0
a4f8c2e86e6b9dd1bffa2abb5c504100,10
69df91286d10f0400ffc86e348464a3f,10
fe8163363b38e49bd80e155af574b828,10
9ccedf184efb4ac656a79280cb5a7126,10
f2a5207cd09efb27bd1d291111d14900,0
1ba6544f1532168208f10ad50e527de6,0
0403e88278229630e892f8887fe351a8,10
f4ebcba626adae311ed950883ead01c6,10
9d77281bb25cd3986f38de5a210cb921,0
77b1518050b22f73487d8dff79b74087,10
90fd36f8d7968ed9f3d9a6198344882f,0
6426fef287df26d2e0880ff1fe9137c5,0
a0ba6fd74cf92ac956f9f0204d010489,10
236ddd253ae25b0ffa8feed4148b5089,10
98e8e70c24f9d37e45f4609cb929060a,10
9f835486a31a8ed6c575d4fececcf1b0,10
28e997126e884f9af3a8223eef0a95eb,0
fdde399a5a80ac7f0f69705e6dceef2d,0
442b8b506f7c00414d71df80762499b8,0
790b362ab9c5e3cb95d12ec4b247be47,0
4725988638c260116c1d7a9926269e88,10
34ad261cdfb2ef13b519ad01972659d2,10
195ddc0e7fa644c61be3398ffd8b4753,10
fef8072daf2d0b8d06692fd2e1ce2657,0
15d7e468e9e334e4ab33866087926bfc,10
acc050121a69114b482f45f35c63d892,0
a5e4053a495b15b5da5b5c5d1f564701,10
092f0f1c0109bc88a356f86914dffe6b,0
ccb8c395d4aaa9b16f2443605700e791,0
1388bef130311f30a03bb8c9c2948b91,0
81b4c94fad06b32c2702cb40f9913fb2,10
0a8bcc7bba5aaa04e37c433dde9bee36,0
d223d84dc5f2d4d12078bc0a30fbf24b,10
621a5267061f645ab3df02339b9326d3,10
b5290309d74c14e1215c40633bf4c642,10
0949064d21a9b410c731629881b9fab7,10
22737188bbd58cf23a444deb86335729,10
b09300a258ac40560ee5d32193ac3e74,10
839cb5fe662558489b36761daa663a89,10
4ec03fecc8007d0384e5c53e2a2b0897,10
1aa710aa07bb589b66e0689adf01fff4,10
08d44f1146111cc4ab402161c69da7af,10
3d29257f9925b79a964e6c0d5c083142,0
ed2255644eb9da96412280617533dced,10
d477d09f26a3a3580d97bd0bec6bd2b5,0
68ee980a6ff68d13ac1a36c5151e788b,10
c5f4c2949e478ae9ae1129f8f305a1b3,0
fd7a1730297c00fe9a51feb980b26b50,10
bb6356d1329e93d3768004b73926b12b,0
8f8b3fc7afd6ae69dbfa5f890b6e6671,10
2209b73167b1291740c93463d12bb285,0
06b4bf8b6c35c3f2dec2b6fcdc3fe91f,0
b72a966e68a32cc361bcc72426bf0a3a,0
28ff4a9a6a9a19b116b18d4daf44f758,10
a32332127aee76316d5232fe52d34aed,10
92975af21df852422285b5e2033c268f,10
b7f608dd4025d6dd15508b68356f315d,0
ab9feebf553c4a4336cace2206b76508,10
2784e7bd74d5973e180cd0858681d29f,10
17c97e629c5236fa21c18451395c077f,0
a943b7ed9f7ac2810c4aa9f8d8e4c1df,10
528b9d51bc8813798f92a3e4ae5e4804,10
bcfca960ab6d9050a81d494639cca745,0
0505feeb601964f1d7c5c74200525bd7,0
357d043789442f6777e830be6e17048c,0
f80c680d4cba04fc6c5fe17bec3bc7e9,10
a159c34ac985ee4540cea67dc31ead78,10
a2d2e5174fb58d140b5275d9bba2a75f,0
ec17915dc637342fac213d65992e0a5d,0
775af38f83b8bf2e3cc009278a87d123,10
1a9e9985781ba0d40611f9596f851cc5,10
8cf018a9e8320bbcf9768d1256e2cfcf,10
2121a4c7b31f2018343bd4da97bade1f,10
409ac60ef042b9a05e2186a06c930272,10
b26cf9c1bbd1cd99f34538b3db5fa2e3,0
a5200f5323c93d793d870a50d855af81,0
0a726171a234b068c7356d86d98339c0,10
16cd601f093283e94a5fe6b13675b00d,0
02d6d3ec26ce366e5191c158e6889aee,10
f8ce9aafde0f991ba1f854511a44da5b,10
b72e6dde5e3bf20242618559b1ed672c,10
05f6f47b40567ec64d067c4b94ee451a,0
87598201ce70fd9011089eae4981b631,0
f41a82727fcd6f49db940ddbe6bdc2e7,0
cf57cede71b263d4b656d34301558175,10
cdf69d633a72c63246e7b9f856a725f8,0
884561a788bf98f80b2becd57449d149,0
887624b4b345fdad5c68065d887906fb,10
f4c8e8cf4534caa5292cd0fd1b18105b,0
4aea8c7652c8220ade944a99e3182de7,10
805719e97b8813be618fa5a6f319664c,10
428368c4d4e0b6c89a57d4106739f786,10
899e6d1b33ea1d6099bca6a19c055648,0
c3e28fca385b54df90e6b5a546a5f068,10
16e1f2a69c55052a2ff46560c96e0a58,0
9dc68069a839adccccac3cd6d9a586ad,10
9c103b1feb8272079a66a3e398d0e642,10
db4188c1c01c6276340dd0034955a00c,10
455402a36935898070fc080ef0c980cc,10
dddac82fb63b5512e2e44092516bccb6,10
6aab4acd581867b04aefbe9795c72e77,10
6c24fe6d68334fc004236005281cee34,10
e752fbfd76706e446b78cce2df60b4e8,0
20e9f18a1134cb552d7a26d071a12b23,10
aa13d2faf9f050acc90091475be12cd7,0
8a7215e9d0a6632994848d84975bba59,10
6c7c2ade43f1154aafe20992a87755ac,10
347ad8006a769857a3534eca0a797fe4,0
38c917ebe4cf74670e5f03af3e62df0e,10
7a3b788aefcea8f242d15d928b17760a,10
bab1a4a5ec46124bee8df3653a91e863,10
6e0f2475a94e249406c24907f71f06d4,10
06a5eb91de0fb47ad04e11ed7f7f7bf6,0
4cc61bd2f968f8b36844da0375d799dc,10
443d91a68103e594089b788f5f6fbd05,10
c3e93588840a3475a8322ec3a80a6b68,10
362002dec72a383822283aeecac20140,0
bc0170d5d313f6d86d7b4a66b11d6d85,10
823b32655fff7657514691f8b2ee14e8,10
40b3d1c9f88b268455395b5267f3faa5,0
66c1eb30506bb16c4820fcfa2d31ab40,10
7d842381e54a4a770cf4720af7565414,0
c9e922e085a51d0a98a9ce8fefbbf63e,0
e5becb25447dac06bde2c17eb5009113,10
f54c37422c3bafaf06be3a8e6c28feb3,10
a1c0328fea41b0091d7999d9381ebae7,10
a248b10a64614fa1d32e4c5f3241d68a,10
465fb558da8aa385d8356d0e3181078b,10
91a446453b36ad51f883be273b71d299,10
80962cb766ed41dfbbab406501a4f69a,0
15b1a1b661716e311a2167ae8325e7a1,10
37042693566194155383189a6abe2cab,10
278a0ed83f0e434273d3198faf05f27b,0
cd1ebd3e4ce6071cbdd4b73ab9e12c12,10
57856e622ab1ec9d9032d44761289e53,0
052b4f206a18d222b9d08392ef6c7bc9,10
98a3bfead5e91f95b0a693f093c2b05c,10
589e54f1a4a5adff14e84b323e229fc8,10
c9421bfe5ebe073e18b6352b281ef872,0
13e136fd2ac3cd87a86390f15a9e340f,0
e4986c243422823a055f217b0dfac600,0
a41d638b9917669d60b0ec7fc32763af,0
624c39f9aaf1ea45dc6975c06f7c6f60,10
054a745ad25b79c64cb1f3cf934fdaed,10
fdf0e02ecd503d1ff009e031dd41afa4,0
0f6cb9b7a52b61b0a20879dd5136b18d,0
f144a79577ce4c274fd4d19f6fb003c2,10
75b6eb3e3993370a4b0763547e1decd9,10
f53ceabf0691d8d1040459938891a029,0
c34060c26f022a79603373026f4001df,0
2bc6f25feeb3f95347d892cd6b8ed0ff,10
e147f29cf55fab66ba83b7fd3d611a28,10
76c5bb045c49dd14d05b5d0d4498066f,0
66ea57ca177564ce434aa51225169e43,10
92a01badd0b4c8f123e223e3bf325613,0
c112bc650b6771adcedffb11a616b6dc,0
2791965a7f180de361d7d3d521c24d1d,0
14333900dfc4c23dc50a3164cf06b5ce,0
d06bea3d70abde044582d76a9cb21564,0
31aea08e3df784840ab781f623b8964f,0
251be949086fc5ad129ae8fcf9c2071d,0
e7b8d517ff1d161abf271e18dd623cb2,10
9c9f6fe03a7bd4490baabb3da19f8d7c,10
4eef7d856c0e37fe0f153a33e9b5fd72,10
3a519643d170fe3ef13f4abf1cf4cf51,10
f63b0d42e4bf2071a4d9dbbd0fc6cb1e,10
dc505085b78ce151be354dc61ec286fc,10
d9cf9eabd7fb3c1ebe799d80d41d8628,0
fad23b6b884e3d257172d7040b791f14,0
32361f3638bee96d2d3aca8aa09cb64d,10
e91b0034879cc12138b80e32309315c9,10
9693cae42f260149e7d084af3acf404d,10
cb0231531b8c545e3e854ad733cd8c20,10
54f99c4cd153846e5b4ff74d116ed1dc,0
50bdb7b26fdf96f67370189cc9716b51,0
e589c4b28b880b2fe7b31b83dbbfe89f,10
e883ca6d44ca9a7cc888ceeb1b24e465,0
43c038b1734e5050acd0a9cab9853238,0
fb4c16627b42b32d519b5c69c7fc952c,0
53b9f90b36cb0433903d69001762797c,10
81a3b9cd18febe24dc0607709b358c71,10
1ce3baed3c63560714d192ad01466571,10
1c4141aaf9982bb2b1c0b570380035af,10
c17be1137d2a5331465c95e3b2d66f41,0
ec2dae6aa21cdc717827c835ed4c2c63,10
3e45906fa6cbfa2443410b36415e1c41,10
edb9cb5f6bbbd78a1df18478fcb1f878,10
ff245767ad542628e5282230c8047de6,10
7428f3e71328596e4eb49e29f9522707,10
0db8bb328c105498e3bb591a8914fc7b,10
771c5be1664ffa13a50a48c4a6c82c0d,10
17d15f0dd89606e07f1b4063d6cf08a9,10
84271cea22e36737dfbce1a85c39f44d,0
c3a2bf48b6a6210f7690b2360145736d,0
ff6632fb1b11e24ec7f678bbb83cb8e6,10
69d920f9b213b42bf4cf1cfae2608be6,10
8c9523927b88bac82ce13b4457fe3753,0
60e7bbee0fdded0ee0f3b42fda70af89,10
440d11ea5134c8d22b8578691f87c1f5,0
a445833a55991108f669a3ef82ba3aa5,10
1ac77c6b90b5cf95c425c217b830a1e6,10
efaaa9622a36b2bbdd0b63ec10c04b76,0
4018b18a0b90b09ab150914a9862c517,0
8d198923877c8739be23432291accfae,10
112f1f500b6a3a93f1b65cb6373fdf43,10
bf31b6897e9f29f001e456f31ebd2b5e,10
00cb711cf832449a092f6fb185d23ff5,0
1a94ed40c140356810f3d4799375d536,10
54b7ba8bc6b27c1efbe4be1af90f0de4,10
c6e9de257611c413fce03a238d19501d,10
e559de649a61cbfec012ae85cd7d3f3d,10
34aa78061cae7472290583bae72f9f08,10
b332c68f788c6022b82d3a8ecba4b621,0
d3d5e39ae3093170704b3c2a4fe1df37,0
57f0529231b5d298ea27ca469398c8d6,10
86b07e0bdf88ceab18eeae028b22e41a,10
75fdf35149552515f0bfc4bbf669d108,0
efa6e05b9dea5f889a104a09ce08ef5c,0
ad944311da2de5dd8445fab98ee4ca55,10
ef4dddd2015c96c0ea3e347c7300f9cd,10
73b1b867f3a5088372714f671eec4d7e,0
e5eece6ce8f0e56661316b8b0f7054a3,10
c512714ac2a9701d57be38b01aa69e61,0
fb9082af4fbff2b4e9acc383389a2b5a,0
d27f5d9a21fc10b68fcd840f31816a77,0
f4fdb82ed1107f0628f387e651b4fd2a,10
8c09e1ca290db01a178630210ca5b2e8,0
3d09e3bd32e01715be52aba28ce2d57b,0
5c290f0731d83d3ee624363863dfb4d7,10
ad083aa2160712ec47d8698ab88c21f0,10
d8f5301aeb7245f2bfd5eb9da5eb9b3e,10
600238dd57cad355ed732f3a0f67d20e,10
872ac668903a7ef1aaf28b52ab24cd8d,0
eec193c3dafc3a753ac79eac89f60f29,0
804131e707b4aa1b4ccd4564e9664ff5,0
01c4f6a51f1a756640eaa8c97302edc8,0
2052f5cc3d7b453e0c9e887c5b36f17e,10
ad5ac1b7f8aa8899c827d5cdcbb53c23,0
d884095c481ec3f772f328b4809f316d,0
cc9275881695e6ace4bb21df8176f753,0
cd5a05127a5c73251a4a14b6bb4e9239,10
a71fd1393d40a5df7a872fa2c3aa9e2d,10
ce16762ffe63f6756cded30cadcc3a3e,10
647f8e6ad6a01840a98ea693af648a4b,0
7f2dd5fe95731e21dccacca8dacc6b98,0
618dbdc48117d96c7fc023086d38f27f,0
d0039201d7220d16f66aae463965a1c2,10
58c67df6570a6a28897d08c99247cd2c,0
88c6b48feccc454b360c09c08bf5d55b,10
cd5ba0341fd850407f7ade842fc1bac4,10
8fb753126e03bc62b7f60f46099d7292,0
43bb01606bffe86234ed0f6366e72239,10
8460c6cb8aae51665b8a5e531fafcec1,10
44d68048a93e5a01dc891e24d29074f4,10
2006bec281d07bf35a9b6f24ccd7fa71,0
23e75ba9abac61e67ee9cb3c7b5d9788,10
1f787df1102e596bc3448cdf566b48a2,10
687221818d63f051e62ec8d1f2f5fc3e,10
8b1e677b447a2b9002c4e12b926570aa,0
bb29cdcb12a3c52d13df6872f31b24f3,10
3ca7238a625b3536ca2f119354bbbc94,0
087437880b8aa89471084105b5ff7e17,10
a9a5e5c851d6e3c5aac26c22d55de664,10
4358614dc6c70c8580f1f08fca9a85a8,0
1188ba3f45f9d5554ffe663873536ec0,10
8179272109dfceb00720c755b958d482,0
88f5259652599fe79af243ad708832a7,10
e752620671475417ccddbff730dff7bb,0
d96a7ebf2f1bd50e1668a37d4c77dc8f,10
9b469d67fe82b00b9b8cdae725e5a7cc,10
6ad0e3cde8f1dfd49d4da49bd6b725c0,0
d5981b7ff1603e6cf8a96663085c77a0,0
8fd1ef75cec858abec93b57714f853df,0
6e25d53c5603e81fbbacfe31f8d8d868,10
11d2eb591a2edf58a5b63947a2b666c9,10
cb87b344b477a1a8c4c30e989a3f3b80,0
7ca38d70ca9d830aaccef3e726faaff7,0
73e282ff59e354dd5244c81939c54011,10
00456898f4e535292366028c06772d3c,0
c68efbe9ab926d29356cf680d2c383b4,0
a16e938ac075c5f64143138c02b0eb40,0
c1f108a6d0da89e0ee547e05918e09e9,0
d1b2d6cfb09932ac00d9c7324eff2f03,0
70b403c39ed1ba83bbb369277635df8d,10
ae630636fe985c70da49aa124e2dd507,10
ae738c731dc8a35eb46cd1a32ebc60b0,10
41c88f92cc80439c4a5c085c9347d9c6,10
2dbf929c21a22f9467b0f69801381153,10
77b0de22776252dd65fc6fac7b2c5bca,0
6cc74bfebce0c5ce47d695742d65ad0e,10
1fead6478d495ebbfd2a9c5e605d05d3,0
42b84ad4de61dc37c40e720d71685653,10
325dc968367a730418f8605128284e68,10
a9fc19e35ee0c9af0cca4fd1e1891a11,10
655ec6423efc35e8014dad1d30a3cdc6,0
65d36b74074153b7a86d86c389250798,10
c954c56acc55f53fc34e9239f1f6f423,10
f86a9d39b6456d4e3533299294a88485,0
45be1f5e9ef98d7ba68577401ea7dbba,10
905a2c1194ccd6b14da155e7c124b97d,10
6e7f6ef50dfadb0e9cb2612d6bf32aa6,0
df1eaf8b5377a76a19aee30ac1608d29,10
020a8031a5c7d2d27d95ac0d470ad54b,10
4b1d7f80089b5a2a69612cff0ea9f27e,10
c76610324fd50fa9500830cdac5eb5a2,10
803d89474da2c2efe800fd34a5e6f6c4,10
7ee81b927a71e9d8a859e6ca1f19c763,10
082840fe1fe13b5138cc5bec7af492c2,10
e103e274ed0b328e8681c3089d3796d0,0
9c7379e9c979f897dccb0172d949c9eb,10
8ac102d1ee7bf7676cb5078a3b3d7f97,0
ceaaa9f32993aeb23fe127a36af99ad3,0
6c5c9c1db4daa746b217b088e044de50,10
ff097688d75f3f6d57c7a1dc32b7248e,0
86f4a8bb6aaa597db7346b835ab094e9,0
e8e9f00b94b07b49903fd3586147e1d1,10
2dae07e5f0ae4b21100282897b45533c,0
d58cea34f4864683b64093a2248be8a4,10
0947d33d6bfd178dea9b293bbf126ba2,0
4335762e98530f4998c3c702678c3746,0
eeda087154c4ef84b46ba0a38b0d1096,10
4e56b44efe095a7e7dd1fa7e7207dfb0,0
86a871be8f16dac59b5b54539993f57e,10
57a62ca54b1dc5815e3f5f2ccfeaf691,0
a40df5c8c5ccabaae041c66ce49df4fd,0
e207cfa03ccd584615daa0bd4431b557,0
e6657e037539e008535b28387c1a0217,0
69731c1f6d6af2731fbd10c01d483545,0
65ea414bd582d7d82a3e8ef3de9f55cd,0
27bf888d8483d10018a3575794c550c7,0
3c6abf4c2cbaf06a3e1253a5e6941eb8,10
7e835761398777230bbd264cfd980ad6,0
0bae6d742416ded57806dd7bb0dbe5b0,0
928388cf294bfaa30745aee577e83ad4,0
f50ec9fb377c25f51e448b6085c38392,0
080b7fdc78bd854a37afaf3819db533a,10
5649879ff7c3b23d7ad64de541e48041,10
d75b0bb81d8ae2000800dcc0d2092944,10
c4b28b6e214f58d999f17a6a9cd6073f,0
fa821f94b337787bc0575d1dd43e720a,10
b2c55f3b76bfe4fad6b1fdddc95752d3,10
01be5526c7fd385540dabed2cfb879a0,0
ec74350c5b402646950095619f535484,10
7ae0cbe0ac38617cd3d633c7076dc206,10
1f14f35f0babf5f66b2ca57ec3c8f035,10
0caff808f351c55790a4de118a25ddfc,10
647577ec8ed663f168e23d0d8b83f4a2,10
69d7143035d06350e1063f3144cdbdfc,0
e24b1f38161d998521cf0c99b4af861c,10
0b4f6ab6c33e8cb58ac2a9e21ecf3f54,10
93ca68fc4d072321c81fcecfa39b5b4b,0
4ab076344dd6c47b647574643a24fde3,10
e3ad826583e821fa5f0f32cd57b5b4f7,0
de10aacf8f9d575a2d4a110b38f4c16f,10
c696719617192937707d3a0833ca244f,10
57f9cd7d19cdd899c2e96f902e89ec8f,10
637f0de53f68d8c9651f98809bb39a51,0
714d045722f783874799d0b859fd336e,0
a847b924b17f18b3eb3e1aaa368d53ec,10
054f1d2a2591689051d1bb95652715a2,10
aaed76841f26e1a52e72665aae8b3284,0
ff6bab71fa16e61d739939969fde99f4,10
1c9ad6e34d56e7ce94e0d7b637799f0f,0
3607833102597652ee873a7929bfd443,10
92e99ba870030a1fcaba7bd8ac31638c,0
dc1694b9fce6f284e1a31d9f137f824c,0
c6b30989268f75ee523b710d5faf717e,10
344e6c806a6991f37f388e80155b688d,0
c2072edfe7a3f6187377b3b3eb3ebc86,10
6142d75b594bec53310f81b2879ac484,10
b783e5a2a2ec86fe4b5b4985c7d69898,10
b135c98ec5418c765f3b6506aa7f3b82,0
6fd31f5af7b729a0428cec52ed983c39,0
89e1fb08b81914674491e85c61b20556,10
21ce55d79c00d36cc0a587d081de7256,10
b42c1f92bd64bfddc8e5dede8b311589,10
e589b0a860abe28bef672448a334aa72,10
0af562df68368a9f083e0f9347f0db80,10
b5da7aa0d46d54e1a6e2a8809721bb62,10
c3158fc0d09efaa7aa3625791c5b91b9,0
209d1e17f84ccf56c6b2cb6c8cc23dfd,10
1fd884c9512c1042a496d056c9863a0a,0
9534c1e730e5fe6af4f3fac953c3bcac,0
39bce98ab2d071a3c2243bc56057dd93,10
fd15b3882fe9e3a491f055cff90039cb,10
7531c6bd529a559f95109436d31c13d1,10
1689df80f76acc54bc33e291e09c8f9b,10
3272f0581d0718f082a3d11652332949,10
623da1d0dbfd3d93687c228218311814,10
cfaf320922e25a7a66fce277c4bde626,10
fba9169a8673d233760f8b67b7b08810,10
abedc4d8e6254c45c42582acdfd73378,10
ab66e480a33f597f747f0aeac9606a2a,0
c7e102281520e4da295da7fdea7f1c49,0
4dbe57be67921889218a9b09f15af2bd,10
f4cdf302c6ec0fddc7442a83e75bb776,0
0f81045036598390371f842fced94e50,0
1f74886f1cfbd3c589728b97a284080f,10
292273918cac2bef610ea3784bd631f9,10
80beee9db47a5bb8398e89f4d3bf5e8e,0
28ed47d24cb495343658efe649d72f16,10
8d3cfe319236a5828b90f7f583a95313,10
1f39669340ef73a24cb4ae7c01d30790,10
775981330882cff2e7b69f0ed0e403b9,10
c9178480d077960e6fc5ac81f540744b,0
33eb3fed60efe073f4ab48e47dd331b0,10
c209543ae26e3e875982b439c714cc4c,0
6cef6ef2ae4856b757089f470b4c62e5,10
5be5a9f767aeb30f2fd5041b05a58c6b,0
85d49e0882f02adffb9cf119aefac524,10
0cee3e89d351946b0c84c8d4097be758,10
95acb9808b5c90825f72b5bcac1bbd7a,0
5d058b75ed4a3c0da84424d162a44961,10
08e2f8d14341767216f59203f1496b3d,0
7807839283d862e28d79f19491127b6d,0
c397a92a871c027b418ce72e4b2fbec4,10
234b8a5ebf71ca76f7ae1f4ef019abc3,10
9c064997e8160de9a413ec677a4a23ae,0
5b6b177cd3a4417716a21428e5c36b96,0
96e590a9371ea61de3a1e8f7e3e220f0,10
887ad91a614f25004194f44086f2695d,0
028694d0932cebf0665923b939b3835b,10
0939c508e78df2b3724df9d673e34b93,0
04ceab4d0c1ed7f6b31ab269538daff8,10
c149d5d4338e0c2fc37cc36b2824f3dd,0
7b621aca0dc70cdb69d028cb1ae50118,0
09d84d9bdf322f5e7627d0af297e1b53,0
0da8d445720f3f7a6e0c24ac80f34385,10
a733cda78afaef4c32d726954ca8441f,0
64de239df239c7ee9eb8a4a17ca82342,10
05b33a16840b8a5d9c3abb5329a37ac6,10
db9eadc25438c3598b46019fe16c16c3,10
cc83a6492dfd189223f8e6824d0b91e2,10
23694822ca72ff645ddcb220cff2d9db,10
d324718133127e4b0fa9fe7b192c2ebc,0
e920a38aad6ae5091e8c3f9c7cf689df,10
37390b67e517d8346d4bca3a54d3ebfc,10
3815584b18a642fb8a09f89d33b96dd1,10
4177ee79638a4ed46375525ec94135da,10
14d8d792a2552b8520166af48b01189c,10
b25cdfa6655be62ccaa05840f7e4e3c2,0
5fea792415aa2f8688db4fb02e3523db,0
765e45787201c15ad8139d197a778e56,0
e656635c0f19048aff1071534365fc3d,10
b86590009b0c371d6251e03247467a9a,10
b2acb2b616b162266c37131095db3adb,0
2ef338822b9560a002023a6085355227,10
d29d1ed1048cdfbfb01181b8ec3310ae,10
3a2e6f12c2b3dd735f56fa7644f4efd3,10
945c33ccf30596ed7e6f53d9e2928211,10
529173d95f90b9c42cd8881cf8bfb4f2,0
8651b3c4e2a0c311817fb6541c6504a9,10
5688128ee7360d9ac2e2d5f7f5bdad3e,0
0454999d120a3d38aad473d3a3f915cf,0
17413243b6271eaf378f621332fc9567,0
75218e509a5aff68141dcdc052498dad,0
e78a67c1a7ffd5c61b118461ad6470fe,10
96323208fe5c33ef173e9de8120ddf39,10
b46531fbfba182d52dddfca362f6b12a,0
115b67f1e9c1acae3f0c8bcd6b63f2f2,0
44436831f81b4b12ecc9cf0103837e10,0
a7f10c27033f7df54b577577b75c8190,10
f6a16b2d2de44f3de1d2780d052cba50,10
6e4b911c35d98d45ac8568978786d19c,10
d06465a40c7c62df64d9f82644f06e81,0
efad2fe39322909e33313c5a665dfb0e,10
5f98bb56f3aad5d6c2d5795e5425d46f,0
d5d98c6265f13e70fb0c246a523eba43,10
7d64e56405cbe6a51bb23c7951956b13,0
90d5c21c0f242879e1ee770ff39389a4,0
4802e6d3e6632fb38e98042ec9178409,0
2c61287eeed2ee63f8fcda3b6396a2a0,10
315e9ffcdac2b88b8b4581cfc5034d83,0
dc46e44d99da060ea2ef3e7a8e51ad5f,0
46263362924122546aa83c0ff0ba2912,10
9164c6e11d3ca55e6962e6eff9fbdaa5,10
a2a69f57cf8c17eff7aed13a87e75d03,0
7e3e944d35fc73b54ee79b6810804f6a,0
7cfdddbb101d67bf0a7f73ad6d0dc8a2,10
e8ff39a433d60225c20e95028794cffe,0
e9bbd9db1310b59715817f0c5aa90394,10
774866a556c36871d07860954a16d53c,10
888806016b6c626c149f926ea124c02d,10
e2287588dd14c65850ad11c9ff6cf06a,0
f9aeec098019b18c256c9ee38b61c385,0
6005f094620e702e4fb26f606c0fbe67,10
39d6d01fd197c45a6ef72ea0c2be22a6,0
71b73e4b57c5fe0ba1c994299981cce4,0
25c3b6adcd0e520be044d7fce1fa934f,10
79e559942ccdedf6b666bce9303f8190,10
bb35b0f3553458326d5fd84e4e2a3c7e,10
1942e27d85657dfc102b84a84e4163c2,10
9bfac2e8423f94d8c34d4a870027ad3f,10
791989d9762fe709f3ca3f4103c25198,0
5bc467e5621ae0582945cd63ae09cafc,0
956527f2a825add04dce3c5e247ee038,0
b0b411130f44d5c776c0f98d9286a776,10
0e8b65906de25d6a0f8f92fdf5feceac,10
f5f4f3fbbe516153ce062cb4402f83ae,10
def0f29ad791ea8e7ac3d5dcdae9959f,0
f4a495c08a166332e7295803ebd56d61,0
fc204cbfd5a504990415a51fb27a6f3d,10
0f99c60006e6f395f14c39047525b296,0
41835c5c658372ee95ed0a2350c20d4d,10
31e71690e65c66be268e5e153f3f1a47,0
8134f9e4b0d27b694791fdb8aa2e198c,0
30fa9f17e9caedbbd134886fbc0b590a,0
504cdb0e0c73496a0f6bfebb6732352c,0
6336547758bf857d4f7b8eb24aaf6a64,0
6a52b5891de777efc68e6f8d5a2f9323,0
61850fd5859467d5ab598bde880eecbd,0
1e1c58b13dd9ed1f7d4fd1f303cbec1a,10
1290e7db715ab808900b35251e4b749f,0
3535b71581ef6c11945beefdf35daf00,10
a0573a7504f5b25676e150dc8c157606,0
ba14fc336f6a0782cbf205b3e65096d1,0
322302c722560f1d60a575c0a566e666,0
e509db03bb90d22fa7fcaeeabbcb3170,0
612c56fb79328394548fa8ed53fb007d,10
800f04e01867a5565f44ca1958e5054d,0
76888037aae83f2bf717990f6027ecbc,10
c5e964f1e612ca7305b228693ab82749,10
8245c6b5dfd2e9a7f34975dd303c8754,10
1410a9784b18688838475d162e769795,0
e493710937ec6b1d05c46626eda7ab75,10
d1d2a9023b867d7c0e6a062ed7783753,10
181633bf4bc42cbb18012bcb8b8cf63e,0
76efe5113ae4f6a1e2660566cdef2c26,0
e7716ac00ffc899f50cf939f0553d11a,0
919803d8d7ecf9501660a4a7bbdd9a3b,10
d1f9d6efe67aa4f8734902ebe0dfafb6,10
2b3281dcb575f15fde79657ac6639449,0
e51202ebbae3b6f1c57ec8bfeaceed5c,0
697ae707a145f34597345b043cbe602b,10
bb42b88592b88532b4daf97180d07e1b,10
81e513d14a6cf286c2054fa9267a70af,0
2f80c1e0e39a3375e1f853280abcf16d,10
764d57d0c7e63dad790538cd43b03535,0
fbe9c06cb9a78224b07566872274a7f4,10
f53a69b6a830c0d4068b0a094f352cbd,10
6c1ec580c4415f3df9076ed263311569,0
cca85bcb6eb4741f20510e568b2d16d7,10
93a5b270b14cea81998d09f757b360c3,10
6a13350006f1f21865eb5e3c0b579cfe,0
1c595e4e859cb09b3abe3e9bfbbacf26,10
05b4930b6f7653e7db1ac027b8b1b7ef,10
3d08232b0b9fbed8b441dd8ceacd098b,0
4daf4236dfe8679d512fb15f66c81600,10
3fa11e37e9bf1d1dbcd2be01a4d5e6a0,0
bb2b185197424bead81665e000d0dae2,0
21a552635892cc6d6487fe83feadc44d,10
7103e62f5d1c715735ecedbbed263ddb,10
9d6841351ffeeac7c9d422fd0b7d350d,0
87f37e0e5046e73aee881aa913756b62,10
981be6616482ef2478abcf6136660f24,0
fa2a7298a53915ac5c4b19f299a98f5f,10
6ab910a7026608bf963e3463f59e8fdc,10
0c543a9152c72e6f0d4774403d3afe42,10
e1a43fd57783f9181522057e81b0ae12,0
7f94fe770012a11eb76ef23cf4ea8fdc,0
706bcf4d075bcf7c18ca7d65751c5e56,10
abc4e47e1f16ccd94797eca6a7c20193,10
d06557dd558304e9653a574f84606cea,10
9da86b841ca5c0ae5f93a59df4b60fc7,10
5bbea26eb651c9d2ffa7f13359eab5c2,0
39095425db7b295b604ef6952fe1fd20,10
6af6d88b29deea37c68303eacd21fc43,10
14f550416d16f4687cde8f56e4779174,10
024ad19ac072c831af8f6035ba27efc9,0
71aff90a79d9c733ea32a1c51da1b48d,10
e90e91e71b656a6f79cee95663b9a6c0,10
dc02400d6a02da59786ae69519b7d6ef,10
3354bac6870f9c16ee389c9fedf3a68f,0
24baf829cbdc9bf78460d2a874f2a259,10
ded317d21b9e9448b8554289380e8527,0
548ab64ef58bcfae6442d47b3ba8c85c,10
d65b6c0abc675f7a6140e00191180503,0
8f3d3f07865ba88497ea8601465f5ba3,10
5f74af2da85303526c410bba1454413f,0
0a8897e5071709954b2ae74f6ce3347a,10
15a2c720f4a36def1474eeb81360f11f,0
4874fb21a56ebbe8443f0bbf85716a11,0
62c9614e6a2a8947051ed568a496bda7,0
89d1b2d26f09e671a4215d3504242300,0
da8ec5f1ed77b1eb341de7a77c6b304a,10
a280cc44af7a3500b3e20dfa225b89c5,0
39fb01427833347b9c4183b5f6c0e2d0,0
183f42989bea1df6a10e01d617c47208,0
c32a2ceeffcb594d3b70cebc3c13b913,10
4c230d38a101c115d56c87a1c2f942e0,0
cc75e35ae2b6b84d2143157962a2cf38,10
78bf2a72623b0b7733a82ef8d8cebcec,10
07ff9c1ef4a37168595013d5d8b789e9,10
f436b5833dadd7a0c4bbdbc6b5c236bd,10
80669b970923ae6fbbd609faa77d0a09,10
57ee277de5674bc76f4208845eabf670,10
9985de989a5d30b5e790c888dd5088bc,0
b872aad117c6dd0fb37d92968d567ea0,0
c1ab1af75a916f901dfe26ea23ac549d,10
19003957dd38f20b9a1c055b090c489a,10
2cde2e02b064028b0748fbedcf2acf1c,10
c604807cd9eb2fae761e1518cd85fe2b,0
0b0aa80c80f6d9d5a7dafb5a1c9f47cc,0
c26da0b35b34f7d222d896e04120b86b,10
b8494748c3d08d96111e290e7f81a7f9,10
1c0362dcaf3904f718b1d11d96308087,10
7d570466831eee1eb1514114ff8a0d7e,0
caa3e600c3bf350e785b6b21f429843f,0
6bca5249e96767a0b0bc2f6a41c751e7,0
0291f6b5794d5fc8feaa21ea58d4067d,0
f54ac358c4f8785bb0565cb4cbb98a89,0
415ce1df0b7af2fd4b7af5e2ca63acde,10
d27f095325ed1ea29a2fa9943970aa0d,10
49cff7d84db18271d7ef98c599bd3bbc,10
5ed076f400afb6c2b775460c3b2dc808,10
0c9baaef8e84e1b67cbcddc74b20163b,0
98435cf132d4b24201035a3837279c27,10
9f71bbb8ce90eb749af0700c47cbf8db,0
db97663aa6e139c87bbc1608abf88f16,10
96a2af653cae7788c03162b4157af864,10
847c5018f841f373f34f54ed33a0230c,10
9260eccb788adbddfd8ea77c4d7b542a,10
753754445b84896c49fe89f543eabf12,0
38fe6077c823aeb46b346fbbc57ab69f,0
2afc49feb38cd36de8f0ca9d61f3a43c,10
c5e3664fccd5947eace9e814a32a857f,0
ee8a17e503b66e1f7282cada4cabc8fe,10
9158f184ab32b9a7c81d8865a76326f7,0
8ba7b9bd473662ac58650ef0962e2365,10
28a348a44f88ebec9c92fa7a6f46452f,0
4d7d4e7d5f28595267bde21eac6f4fca,10
a217c95635e09d41c0204349c33a498e,10
824dc4a5a28e1c53a7ed411bc0f24d6f,10
731eaae83e8ded609e44f5967ed7f3ff,0
98af00ff4febf001598e11b69b940490,10
b37f140d33a438b8f8a4a860e1da1621,10
c1356d33fd3bca4ecc7b947974785637,10
1b230ced3932dcae221d3db11f46c5e7,0
a42d6ae7ec93faec83b87ee380175079,10
7e24a08fb4b4f2253822f1729c0a75af,10
6bb0408ae9820b76d2d7633eea16a760,10
175c22c0b507e8d9f8bdd98cb4eb1cbb,0
330d36c0b9825d724c33f6eed72ab088,0
b75f9d488349e25287722847422aa860,10
bb3ffe8a33baa7da6ae0c9e635f60a99,10
a72192c8de1ee5b9f596b8e6fc62d8f9,0
f87445c22de7af1601fcf03c92172c60,0
052131592292356385770596e9d98382,0
110aa6584974141e131e7da681f6a629,10
4d2f7ed4839782efcae6919eaba24468,10
16282e5248745d8aa1591e00327da806,10
354f6d5c01ba766cfb677df470225472,10
95684354f6017d8ca64ff7b64430bfe8,10
81f53c85ffe41575e79547eebdd8a53d,0
49b97a96408bac132f0e3b1f93bffd33,0
fc05d80955cd235531a8f9589d27a51b,0
23f2d9c38dc0fa27a4d31889d6126db3,10
53fea241217ff90115c5c07764273e9e,10
9caa7d14c2ca6c11ce10a0bc978768b6,10
a240c12ef040e41bc9d9219c18254a15,10
58f7ba4ebfd343943d56c5c9d89b73c0,0
433a65f2ad7a7994b286fcb3fb9e6716,10
f254e68f3d654aa1c9473e92853e6713,10
5fae448bed137dee7769ddd4352cea33,0
262d366f0d411d7b4a93014923b4e287,10
7ba1f98cf61e1d60baa4626a396914b3,0
298bd6e6079099126968e8562867faa9,10
0f4bc2b97a95952e47bd95f5622b28e8,0
77fb968cea5430b59d6c0bd99588aaa0,10
538d7b0f02070fceae31aa307d48862d,0
94a7b1d7e18f02f084630af4c578b180,10
e3cff1a424bda3abdd8948d03a37483d,0
1a209d39e86eb5c0fcc1a5ff8e2b5920,0
e289dbedaba74348af1a46ef6a9b3af6,0
b7658fdc72dae5522f64ffa1230c4d8c,0
5bfc271935cb8fee08a1a2c48ca0a807,0
a81e53cf1b250dba06ab2b243de3c247,10
ebe1ebaf0ac4d3c424d5908a900d8adb,0
45e4fa7aff1775c3d0d8a1c42218204c,10
09a5eb097334975697500f8d29f2414e,10
3d7d35e613ef54d96ce9f723d9dcfba6,0
ca7c043b5ce545d8acf477a80347baae,0
226026d70693964d656719701dce1dad,0
0868a6ef43e659a13ddbf4f9397edf43,10
8a70f1658da64cf4619c948402296cbc,10
a1b62fc66c5b6a8f3876023f9ff28ddd,10
851c93ebd8a0172397729f5b06a54383,10
6e9a5062039fe83b4bd29fec51a92e35,0
ee17421f49e9d5961b177a63b5edc394,10
d02dc353b15bee367e1ea3039626e9e3,0
ee3b9d230be65198030843477b1bf04d,10
d5daac6b2db82269f64b2171b9192ea5,10
e5f275aa4672f9c7009582260f5bb841,0
baf8d965bcddcccfbaca8825af503d90,10
9a3d7108932c882512fa69d62e9f4cc8,0
2c600ae736c8a3523dcc231fb8af72e6,10
3d98b26aee928ac3d97f14583d482eb8,0
9cc6025898988804577a6c8d96590fc9,10
c08407920d241a4d574b4a86ac3a5d73,0
41341b07d64ea2bb6243cf32f4f22045,0
82684133054e1440cdb723cbd54b1997,0
9ae6081a488c354a56ff124a49310067,0
cb4db2421ce8d93108d9d398f06a6172,10
71b9eb6de61667b1c0cef4498fc9d3c1,10
6db41808f501da5226678bd38e38e634,10
edbfe10ff3d95aea4e3ac58a34bf2574,10
41f7b0bbea139d51b232ed931e580b95,10
3bdb4004d29df08f71d35dd69a74d59a,10
fc95200033e5e7d5bfa22a2220bd6460,10
ec6b14009788eae978eeb0e8b275979b,10
472144250c4f39bba2ee2642330d6ab2,10
7b629026693495bf4b5bf468f9e4d29d,0
a9b76f60b027e5006898aaab112c97fe,0
647a0ae14307f2905a9ea00de8bdfed0,0
9ad86bfdc67c8c2457679b6cf70a1102,10
e10322d096a49233407a35206285fd59,0
66bf48fcd5c3391569a28cfaa88263f0,10
9e7265ac54016460a9516331b026a75c,10
a350bc4ec190562729bb2d4f69ef4dc5,0
172600c55239383e18289741f4a4f507,10
816265c8b3fda92cd5f7cd2a366c3dd6,10
a9db0f6374fb19f1e1473eb073630907,10
a3e3344f570225f2bb8ceb30de9ea0bc,0
22c243e3c76c945b7cfcaef2a737c957,10
a75080d76f2ce46a19c12802d346b6c0,10
71b4cc997742f7dcfced4984e1ec8fb8,0
bfc683ce085a02733396544da878a7e8,0
f0ea3a78e601a894bc41e4a0b0e7733e,0
8d4a5d8ac514dcc161153b1237bc0a51,10
29cc6c513dbd4e2862b940bed8499367,10
83577e80388cdefe00383c473bf7ff24,0
333bc6c267abcdc2ffc0225868fa79c7,0
e446ec9fc23a36add274484dbb16e8af,10
25e0ce85cb238092a3f66793ef284377,0
85dcd8c8b32901e8f49bf36191ab2545,0
5ee07494b85d6a362143f6438f2506c0,0
37bc940dd30a0d18103e269281b0bf20,10
310e17d97a5af89a9db9c581d948cd19,0
fd2a5a0ebe46909611f7f1e4387115eb,10
fde0da08835f70f6bc2e5f38405a0593,0
7e9f3288763b8e27634fd7491e58dc2f,10
41da7dfb67f67af703c4b9223360b06b,0
2473bc8814b13ae66a003c559230a8d1,0
e5e39c7804b3f1cf204e482ff2015c88,0
38fd060c30a778a1952185834ae758e7,10
ae742264196aa2085023e249adc7981f,10
b8c28e0c8ffa42e8102c7e81b43ecd47,10
4391ba99ee3e203d697b703520bebc98,0
6ca4b37531af2947595b00172ed640aa,0
9d91e6f6a8f6d6626373343d2bb52cd4,0
484ae01ede877cfe6944a9b5cc112139,10
b6323145eef3a6ee0b8e79281689e1c9,10
f64ba10fd08f1414005a1c241dc4c3c0,10
5a53f229fe96af87681869a1c5b1be13,10
569833e13ffde159ac864a7c0daab672,0
6211dc3a0c074c3a2770b8c5f9e2440a,0
fe4a209fe18cba46025e09baf3158495,10
d2719e77e4d74164a780acf4a4304660,10
d1a68698f62333990618ddd6d3723050,0
664ba0fdc4ff13a8855af6d8017dd3dc,10
0c7c2eddd6d0739cabe60f5a757d9718,10
f70b7c5bf7438a54bcb72bfe2be8377e,10
59a4c7e53eb3f9afebdc59de1e6f398e,10
713d04332ac5b678969c92508eb63373,0
e669185a91acf3cdabbfe47fdd903851,0
097a376fed81147c1db7341ddc578f7e,0
8792b6b8d956edb0aa30eb098dbaa5ea,10
729fa6f2a515fdf1718ce79571aebcdd,10
7937c2a5954c442a2b4016cd34a50b49,0
b0a976731642f7093551c5477bc75562,10
33944b9ba09fd22a44aa56b28ace2c17,0
6453e7e667ce44d427c772a735945e4a,0
5e93791b4dfe6f60e5c024e71094f9dd,0
05327eba2f5010158142795830b4e617,0
e2da4b812133d49eb8c101b1cb28a267,10
a7ce2150c72b91c2c0eb76c7e6b41f7d,10
74b37c60a385bfae9c96837e634d9baf,0
fbaab21ef47221e08ce3531d6768e3a7,0
f8f81119a9986dd44a4dd8956b06b5b6,0
3f32bacdf1b2eb17a27e841b9d7a3784,10
433282ea3b4600da825bf26edc380d0a,10
645dda77ce53d7cbd5b7f786b7d1a94b,0
e254eac1cf03735c4d5cc01f0096540a,10
06bee1afba7c249e560ae5e9d5902010,0
4d588b1fa9097b6bb993c68ca2b79d57,10
03056190ded3a50656a8bc7e5f0dac54,10
0b79bfca2074d5e2740e444c573c53b8,0
a0dd08d137c70cc6b4afa47d5dd3b401,10
542e50ed540161f2241bf12e52c59dec,0
ca380632bcbc4009cd2f30df18211026,10
2af663b6f565dd815162396bd292ea96,10
cedffe7532396ec52653711fcda2d767,0
f1a0429e1d553f68a3df658736df6019,0
ac2a6914e33adab3735279823bb02302,10
07c606369c8fa675eee91353a6f0d71e,0
90632f8dd29f142fc2715512ebf3c348,10
a6a05547cc34a0c979d0794636d6e267,0
96390a5e2ed941abdec2b387ed4b84b8,0
eb00ce7a4c96a6952918e1da4f458b4b,10
5342de98c5a308359bdea78f32b00570,10
70fec50d0cfcc335bb803c8501251e23,10
75ea72d8343fd9f0ea0ec496be6ab634,10
f64f1a6384bc5e55d50a4b1f29316d60,10
3a3ef650288ced93f908aadf0a787160,0
4560e4ca72b2a8bc7641dfc4b5347347,0
85c6a5218b6917ecc934262727b3c21a,10
9eebdabed360b3b55d050ee8b7892f25,0
2a1cf9206dfb83bc57b0d9826ffbc213,10
7c69422e59a0aa392271d4616dbdc7e2,0
1b6b0e8b558fd3213f1595288903e75f,0
86e50b9b3b4c40024c4eb18f4382ff75,0
54f243ea5f1c7f7774ee8194e893c24f,0
083b5654f227bd0802d75cdc2c2c9895,10
12e6b46a62432d87c73f3433732a9cc8,0
84cc3aca2424117c467e9dc0a6653321,10
b9ca234994079ae1788f700c9b46022b,10
9cf8d74fff644a95a80c4b1a9b5a71cf,10
03775c553d5f96c8706614eba092042c,10
00f508c541ecc11b614e9f02856e2c56,0
0d823719315b2cce8c90e7a9a2a984bf,10
28573afa199844f97718e4a4fb02f20f,10
15c7f78e79d5cb2d682042538cc7bfe3,10
7ae9f242a5b347d818056c356e145608,10
1374aed6b9fbc6eeac34d6711e6274f3,10
ef1cf23cd01ed6d5e17abba639413fe1,0
03c9d1af468986d0a45358dce0512484,10
911e0a58d11bd752ef60f0239ab9f2ee,10
1a2f2bae208f0669728d4c0665cc9cd7,10
94315d3826f3195fe2e6e51736bc77be,10
e41c825b9fa940218acf9ea187fba36b,10
77a8c06bffcbb9b34226b9f8fd0c1c26,0
5d4230164a0a2f1430f6e1e6a88482e3,10
dcbace27a1a21819dd9cf18b252ac1fe,10
7020e7b52e53118b51e982395ef34fc4,10
9e1e88cb2a7e55d7292afd3ff78a6648,10
fb2d7c4cf05dd95812bde296014f3777,0
9a9c2c97ef7f7b945b4d0d8f0f106802,10
ac78ea0fcacf0b253763e68fa2d7758f,10
bda8ec62db04f2dcb03d22720c4eb71e,0
379b1e6956ba0a3568139e0da8f55b74,10
9c3343259abd086cb508a797bdd57954,10
383154e4f5ec8879ac5eaeebd368cb34,10
bcc2c80ba8c19e267fc08cdb9cc88eb5,0
560f33391cabd558a76ea0c3782751b1,0
817c0e60af6fcf4f15cd319900e05630,10
9c3c00beb45c7b849f4e32b2d157ef79,0
1d3817dccdbe342a4ee1a52f3cd42981,10
ac69f9c90385b22ee16b99383de81afc,0
def3404976feceebd3fc694a50408417,10
838dc9c0daa498aee4a1a99ccad21f4d,10
caf50d060efac33753fd6ed4c955dd99,10
88c524ac548d91344c0f57a22fb88bfe,10
e66ae89c2fd4a93d41194b40132995df,10
72ff1840233541fa57966dac315bb1ec,10
ce882022ae2f9fff09059bc82fa2ad06,0
075dbe01c771d9f1d369b0fc80af3405,10
af97fc6423fe7c2a6efabe5abf1fce9b,10
1e5fd3d64ee84a849ad1927bdf90b663,0
ebe6d6e4a34e69dc2feee746566ec6d2,10
b1aaf20b4960f3261b7b76be3842cf6d,10
b9b1bbc26e53c92783d85856f3e89f72,0
893c2ead99225a237efc7e1db2c41706,10
f51041394608500a4a06f436a649e5a2,10
ae5090a75d3c05674ce3231cb9603580,10
2b36b6d5d208b7e4e9f11a5b591c48c7,0
a1aca820ef5deecfde95f40e56ff2df0,10
26233ea44b4293ebaba4962aa1f083fd,10
0f9b42b3d7d425ad3baca096f7e1c1e5,10
7cbede08fdd882c0d85311430a18cbc7,0
0e3f16ed49e21a401c68f8015b8c2a33,10
d6a82ad2bbbe4bb91c74c5bfaaad7b06,10
04f1508c61ce86b5f865eff3d9105f3e,10
e5832baa0e65ce740829ab5d7f04659f,10
f5db194e003f52ab7ae0f918749941c9,0
dfc5e754f376f85a02fca6adafcf08f3,10
68f84b3223a3193324e82238f74813a6,10
4fe618a48921d956692323b230f590f8,0
f80b97f19da471791eddf204520cd25a,10
c1001ffed88283fa46497e850588617d,10
2231c1a16d4fd99e3ab4897239aaaf0e,0
791f882c34c8bc686deefe8454f1b775,10
b2550a64f3ad11ad5a36c1b380e7faf7,0
f70f44c1f437c0a3022d706ec5cba615,10
8700f203dc3cc7c1b6ab204fa22c0e5b,10
9af0474b43d523f0e28f45ea1acf758a,10
4dd0b55bbe0c2f7c5d6b95b96112fe3d,10
c9a324b6c5e99551bacdd3d0d098e94e,0
9dad7cf9d63afc0dfe28c223c8ae1216,10
52b0151a7a340d8d6213ee82c931ed51,10
8e1f678767e12a888365666a00ffb17d,10
6aec0ac3f3d3e2d0a6cdad49f7f3247d,0
e3b1c1a19e070dc7d21d135ec7b210f8,10
6ebfc31fd00c0bd3a537f3dd9d303d6e,0
fcd0e463bf22624a5b1d9bfe7a56da6e,10
96238017cf9499b0daa44430cbe1bf0a,10
40479de7e2f6924e4e27d64cefe5a2d9,10
415ee5cd452230097e20c51b239e228e,10
a84a4296e7c8e048c81a562af897d215,10
fdffa623fe7e02d4b04333a8a5ca98c5,10
5dd689e85e28368667c6bd63a48e4e18,0
ef43f7fbf9334c367e92e9a8ced9cbb2,10
60d57c3f709319377ee789c8e6df8761,0
7cf5f81ddb458f4d29304ce1ccd3c70e,0
23828079ba0fa4ecbee180f0bf99ccbd,10
aa7b19f90ce62d36e36c816e01ac045e,0
4a9a35b4e80205882f21caef2a6a486c,10
a20fb64ccbb860579aa01f1b15182527,10
7990d6fb0de26f1f1b22250ac3d46c94,0
612857df011d0c1cca18c3a9b47bd578,10
f7f0e83413835d9df8ee77293a58df8d,0
4539c512b3899c373740620e06268de3,0
c6a05a273c88e5cfd959e7bafa86dc4b,0
72bc958373eaf51b4301395eeec8b552,0
7a5aaddc01d159a4353969f868e54da8,0
e7512e4aa25f7671f8f714678121751f,10
42dc56b9ba4cc21a658da948372e5005,10
6d9ad85a18794fcbf25d5bb9905ab42e,10
d195479a76758d851dc1e0aebeee6a4a,0
f161950aa25f2cfa5cb3b09eb5355923,10
6761babf33742742b3afdce9c14acb97,0
acc7d95c7a4d046232989a31a671bf5d,0
ee456468aa5650ee99a7e05c48013bae,0
7122f2cf868b478043588ba0cfc82a75,10
25a1ea8949a268241370ac2921351db9,10
a8c52654624e688b43edfd788e68f40e,10
ac9beff9960af71f422ccc7d53667d75,10
6443a006eec0b2f077397cbb879f1c96,10
a08ab6260d563af335f92287a5ff039a,10
0550ed89ade07357cce4170b323dcc7a,0
1e628d52531f601a98fce86efafc2cec,10
51a0818aeb741deda93908b222b4f08c,10
5ff03e2766596ebb1cd2811dd7e35cff,0
3221be8afa70bc2d7c2ed101d74be529,10
bd2f719ac688839b8dc7fb07309d8bc3,10
68452687cbede706b924996ecdcf52eb,10
ec84cc61cf71e8ff53931022dbb836af,10
d773a5a8518e876d8b1987f5265784dd,10
92d115684555343e9d2632a5fec9039d,10
1b6cf0b7f3c74c18248aa0d72c1f877e,10
28773960e7675f02a8e5e9f0ac1cdf12,10
846c7c9f7d558ed5e68b4801484876da,10
17582c6321d07c09b5518ab4de0bf327,0
86c2cce573ec39c1043411ecc1e94e07,0
8ab1a1a4f27101a5245b76ffab9f6937,0
9904279101fbb6f5ddf00d0f768c263c,0
99501bcbcbb47f24a856ed900f5f15d0,0
7cc5839abc9dc636e1c4938906876234,0
07771acee70c435d4554c981b0bcf2b6,10
34acc8270319c6a5161d36027262add0,10
da7cd1d581fdee8018387c0599120965,0
27d67e2a0f3c5ba09aa08c66f25dd6b8,0
bc91e50fb781484a1518ebf7c524e6cb,10
a763fc411dd1e693dec879b4c53143a5,0
0b0b7d07c22a141715caf75888b755ba,0
741b71708f658bf08a2a4cdc2350c916,10
040e282e2bf215e444be4a9da9a21fa2,0
809086f73e0a38cde6fa7edba7ce8c2e,10
38f99dd917e48ebb24730f6b51aa7463,0
3c36c0f411b756f6f3d7cee161a091c7,0
667cb464ff5397aaa50aa7087c0b60cb,10
8af62354c7ec632294c6b40551240e53,0
61f78766c39746662426eb87cc20c523,10
86bf8caebaa8d89aa527d07b1241381f,10
cd334e3b4735ababa2b20753e3e37381,10
a7b3f672eab391e9cf81371c4ac6effd,10
b5f3cad733fba61934373a1816cb67b7,10
76b60e09ed18b00a7612d8c5fb2f7ca9,0
e3d52faee6b973e1128f3dd34b56a783,10
6605f2c4962e92cad35bcda9ed5b800b,0
c37ccb1e4d4a8a1d06ec4253274778d9,0
25cbd437762abe404ded3a8caf23a57a,0
b624d3cec15ba1ff58088badd7a333cd,0
b336b51284b7872e28eda835c3fdf759,0
2f46aae3066e16d64608ad49b99219ab,10
4c58abe537331ef5b5dd27f32dca636e,0
d8794f52bca8e6d5ba028f867373f8bd,10
e685e62e13a5889f2bbc7381ec056806,10
80ef75994e0d46b24a165eeb4b192b8b,10
424f79ae494d7c9d908e9cc322424fae,10
3e7f7a82b45e05e7d4e4748694f80803,10
b24becbbcd70933f8baa88a22efea2b3,0
19cf44c8c7b732467c4d3ea0fe8b6c30,0
426097b17ceef299c430992b5c6ee48c,0
b241c8e76b85c4454f9b11dd43849533,10
caa3ea973db4e6f3fdda527dcd4c7eb6,10
1ec050c03ee941d6aa7e1f90abe6a394,0
b637b7e8b318b674c4bf275cf07dc760,10
c229515051440219293758387429b7c9,10
487eb964adc33cb3c6ed81f95f4ba4d6,10
4827c279d65d17c4ff01755c182731cb,10
611d04ed50465356b8480d89c4e1eb58,10
b9013537be879d51af2aab52a3dc1289,10
a71ddd79e1a2957d37b8986afd9a5ecd,0
fe0eb990b675f0358e4a0ec761b68762,10
366c1ada5ca1e870507b0f6ae9da7982,10
7bc52876fb3c1a9487297b4200738d45,10
a93a7a34ec8be682d9dd6dbfb1f76f44,10
f3b85506cf51c2bebfaa899de4b39605,10
9c12841e0268ed9f6461446fd54ce11f,0
0e16e64c2a6f98136790a082dd24eaa0,10
d89848ef6a7de9278ff292d1ae9ad73d,10
96d338239c651b298764d78461d0bebb,10
5bb842e12d40b80fb0f03614515adc7f,10
c7b86df3c96a23215eaafd33adba4439,0
b0eee340bcf3699b63a2a1e4edfc5f44,10
c16bdad042cae98d30286d0a4201ed8a,10
d2f6cb32ee9bfc128c0f667c187e3640,10
166bf584dafa5f219eb1ff65a37cee90,10
15cc6c230ee1fa2287a46f249fc37f3f,0
0530e30859106d8aba1e0129a513c4fd,0
843e8813be2d4c671ec0bb2a466c4fff,0
ee04b7de8c34a32ba154a53c8e5e0a34,0
9f17d00d7362d0bcb9d66bd26a7231d9,10
12dee68fddf3add04bedea7e3c174ddc,10
bf093fcabd879ed23add3a2ed30a3978,10
17b42ca70aebc0d42db630ec3a65ad91,10
78ab2c14a56712d5e735fc51b26c2a42,0
2b8362a7aa241c080df440961c59c239,0
b5aa4bf75d8276fa217389bf166d55ba,10
b27ab825734aac0e468651437cae9238,10
e0ebc0e1e64f450368a7fb78df0a1a3c,0
e96769b3cec66b2802468134877cda95,10
f1a23f7bd631617c191b549e51c0ef78,10
4d328a9e13dedecdd45c0d6822084863,10
8fb68702fd11c572e7f7efe03e4fba04,0
350022ed8678f9377bd4da66fc300794,0
2e3a4e54d38fbe18b72cc06e31212325,10
32f1d8f1f8997d6d606470bf7d4ad76c,0
ebffa38ffbdfcc57f3008fd35f9f99cc,0
38746fa3ecebe9d4546742c09ae0ff76,10
7c8e872c48e2db4961c0bfec180a4509,10
d8bdadbc7723e05a595cd1b1526623e2,0
067c5a0222d3067b79287ba6199452d0,0
2a9b953ca0614932d6136c01169dfc3d,10
31db2f22e354e93a744e56c8fee2eea6,10
5a14f5f6445dd3c9bb11855e60e75330,10
332db7a07ce472a6a1a3f6027edd82ed,10
662628a554a1cb4fca6281a88d6c4677,10
75d4c773f4f0351ca1b6cd6f9482a94d,10
c716e633cdc45cad9cb6c83be8a60f61,10
725a5a6b4b9b17d59f4c00143378183f,0
335fdc510d85e958f74b42292c2d5e88,0
173cdb4ce5a7ecde1b6ff0d424687f29,10
bee993150b43ca5a26d22cdb2623e59b,0
620c4d170f5589c108e33bf064bfaa5d,10
8cb50071d70747724d468871a6a3a35e,10
2f6c135ace476bd0ed9bb0c443b27dc1,0
db28c6ceb3de975b62a188a41869637f,10
fb0850a927e6c63481227ab9ce8c1105,10
1bc738ae64a1d8ca182a7c3611d012df,0
a2822010ca13f7a15957f15391cea47a,10
e6d0cda62875f63f1050cbf570043e17,0
1c51bf0bb2c26f930c0ce91356f73e5a,10
cf9ebd66eddac27bea5385f7aeddb450,10
b6f18118fc75d5855131bff83018f6cb,10
cb475c1c250eef771024df2f1107eb31,10
9d9bc47d2510524090b92b1ebf15152d,0
09694b16160ca630fb0ffcd2403553fb,10
4c14018ead546853477810d53b51e59f,0
6f44d5e5f17d0c75e353050970e67f92,10
f4262925d4fb80bc15b2f1c679907d18,10
c86964a3bdb278f329e97012c64ae793,10
5ef973179776898d5cfbbafff45e84d9,10
a12504ffc38df0b088275994a54a5b77,10
65dc89aabd114df9c3016bbb9212e537,10
733f82181982a9394ce288dc36c57fb3,0
9f6927f70d3c360bffcd8f8ab458ad9e,0
1726dcd2755f57f2bb28e2b7dca910a1,10
bca41456bc53ad3af9ebd6b78f5b2b24,0
1f5312f2526ff64e768c073222195219,10
30d14fe810990bdeed6f76ac1dd87d85,0
849f66a5b7dd992c7b17973d90006bb9,10
d73eebfc2ea91cccc23046284a5f5298,10
811d1094ecb0d48b58fb1156dcbdda1f,0
8baa9d924ad498773a92dfef11aeb045,10
6004c3739c0c6106f9f5751e96e1da71,0
70ede9db67731e8bf743ee2298d90079,10
be9abc3f499443cdbd62f817b793aeec,10
a1b3445293aa93c756f3985ba8003f04,10
b0eafe8e3b376b6ce738daec7feed9f4,10
6e33e228aa51745656cbcfc834978d39,10
dff826cdd4d90763cdb3cac381d3222a,0
311e2c02b7f41caf810bf6de31c24a27,10
d58cba437e0f530d4b1a057e4a832111,0
03659692a76b1e7f9f5d802d9c74a6a7,0
89d671483e46a9648c5d4455f09f9ead,0
aab5c6122cc576d2948ed80b09113526,0
7279f4e2de8980dadc54150557a2d08b,10
003b534f1a63fd88d14a9cd160ede661,0
a11da29a2c8ceeffd5dbd884813bd2cb,10
01e5babcbc1f73a018a8fde88235e3de,10
41101dcb9d8562ef22bbb5e0e1698220,0
47c1533b3f8d3384a457dd8c97159365,10
b04b63be06dafea9fb16737815a69292,0
6e23723f93318fce311095f2f6b9c673,0
97b064c470471f76fef062655cede656,10
c8b7686a7bd8dcd53c06b32ffb6969db,10
223bb3007d41f99049e8176a147429ea,10
d630de46ed9f24f812848a707d2d882e,10
88c439fc4a6e6c525f9d30e8bde96347,10
b0929f8edc8b73ca634c4952d851505f,10
88652c910394728e8da34dc7a76facbf,10
42d498d9259db93c725a2ee25259a22f,10
3e20f4f63961e22badeb4b07c8ad86ab,10
f0c95ed85da3d5c2f0057dbbe96d02d0,10
13dafac45daed9eada83e463b2d77825,10
d9ba3510dd12c9abfb91293c27adbe68,0
203a0c079f902b83f67f87c1a8181f15,10
7b2df9d4bfed0d0612c29bde69ab0ba5,10
8168ca58defd4756bb7679599ce23968,0
ac7f45212b123afd1a7f40bfb09a9516,0
2afea76a86d9d312b578039750306a29,0
7017f598d414620be1c88151a661b793,10
5f5175b3f0ec649baf24cdcc3885f223,10
79372a24e7b12a701d544635ea069684,10
28bc9bdac62a136d4e88c39f78ce67db,10
78addd2049e062a14b0832965833cc4e,0
ea8c3ae8cce537255537999f47c07b90,0
a20b74eb66f02a731225ec0cc1e5070c,10
34507003c70ffe44c8bd5fe7098aa712,10
cdd8f721fcb8bca334ec4a5b77ead0f9,10
a0961ac19ee751205f4c08afedc475fa,10
1dcc25bfae705fd4b188dbc280f8abe1,10
a2e728a59556b963de046e8bc6b17c3b,10
6ed6f5001905476e635d675b425a3921,0
6f8d2302526622622a2da5eed241179a,10
fa627aae976a48eec5bb4aefce6174da,10
04352ca875d36c9ebdd95399e212da54,0
762d616d8e00e5ae62dfdb4188c5784f,0
beeebb2f82ee52324f038ffe37f9ab24,10
2d77a50458d896c011c5a060498776e3,0
01741511d27357e6bbfe0c34371610cd,0
374ecf5916d51f4df675988be10c25ba,10
bad1d90ab0fb785f23eb234dd42bb21d,10
0d3dfc83efeb45b61832a96c20835f2b,0
6540ffa4a7fd13aa358e043f1e860503,0
7febde38884468cfeadb27deb7fca767,10
ba81686368b98e50b1bd158b579b649b,10
25b6fe72625e27be232d55328a11ed14,0
fea1be5f1f4f8582a067e8c23a846037,10
14757a2ca2545b1aa9320392823f0c77,10
c15e499288b971749547d50d2c62a699,0
212d56935bec2db531c15a480281b914,10
f3142703e3d463fc6c2a02e867d5ac64,0
9358bf73aad7367ddce55150fc0e3d8d,0
8ea40b34a90488efa50803119ceba0aa,0
d8d972a1ba9d9ec0f42fef87d6c5acc3,10
2a785dcc10ad3e671c58959afbe301b4,10
eca72a388981cb1bc6ef9751381bcdd1,10
4b5eee061c730b515475b1c95f25ee3f,0
1b16d96954bf283e1f8e5116d96b9f65,0
90a56819c39ef7dfbe3c4adcdf59e57f,10
814841abe602e9273556af02a6c5a393,10
5587a8bbc35fdfa3b849c83b9fd63179,10
ee31ec27efaf07b1aa80dca5c5c5c9b6,0
9764adb75599858b5663277dca58b3f3,10
fb68b829a50b8c65d7db457a8d8dd5b9,0
24de04e3638bb7f338ebdab300ebd2c7,0
db92d2d3095b4204ac61c1229a9beea2,10
4729cf1f55e1bc4169cc5d2b582b46d5,0
e4221c6b640fdacc06c8fc6b6b3f70cd,0
3accfbcd13611091068d41b4e2708e20,10
8d0136e32672a9f847aa5121675b9316,0
eb86b09845f24ae9e471e1156f51ff78,0
a665229f5c21b2c3acbd565bde0aeecf,10
e7323c56aa3221faa8d51e5cd9549b48,0
a1bb8a2e1a3a72912d4035002c550a34,10
7f4225b841e3ad4605258ec7ef3c045e,10
6329b18f8a85178640f44057dacd5722,10
2fe4eadc9eea08b1b3e43514dabeadcc,10
026c74f9a6c56e375ee0f248c2a13ff0,10
f555253ea50d7427b771c3e6552a4915,0
8dc25370ec4d1e141bac507a07b968c5,10
f2201dd2977263a8838437c151d2542e,0
0a7ea29eba62eb898078874ccc108724,10
015ce1d57660fb8b991a8e925b8259db,0
21ab2a6908ee7ee30aa7245e6a51371a,10
f21c021120340515f0e00ce2b1f5d574,10
ef7dda1e92c0d7d93545a738cddd5e23,10
1871ce3f31afb46089536c899558bb47,0
ac0691585e9dd44e6e7510ed3c0e76c3,10
23678a9668169da34256e87cb382f815,0
85fc8aee4fc9a2a5aa91ec513a19e495,10
05c2adee82c96c60c817177832b11847,10
ccc60b53d8e08885dc65a92769c1bc9c,10
8fbfbfa4928cf5146e7ce6ee5d11432d,10
dce799b59b2bded7aa3aeceb35693043,0
b17bc1e56464d1a16325acd734ca0fef,10
7c437c87013f7edd8fa2a678ff7b0935,0
125fa59c383b0c4ffe0c02cbd0c7778d,0
1ea5a497024b0150febaad2a9c8be83a,10
854c9fa57e6bbf1c9b9db546baddf106,0
02c43d39b2233839f92c70b589fc64fd,10
9f888151a5c6054f0ca60a2d07ca68cb,10
f6cca71da7b010b4f33452a4d6f4de4c,10
3d5133ca9cfb767178844b629dadc604,0
e7a5a4bc745fd154e7a7f951e586c615,10
7eea78e8099b26a1543970f8cd46c719,0
fc910234fd329d7d26abb3c2ff2e419d,10
9318da5182bcf65c0f84f961e06a72b6,10
3424c83ee53b4745c76de91c5535e617,0
a0f3eecf50d2e651c1fad40206f19bb2,10
284edd6ce3a5f8077597e497ca158476,0
47da1c34be974c26aa535254328b3c73,0
e043d2d1dcbb0faa6088a6f2c1ddaa9e,10
25b9c5a0cf90eb466a98369723e1ab17,0
8404deb9a278a41869c418d129c27c77,10
afda31c3cf0486d3b4c76317f956728b,0
227ac088e94d2facd8cbc01a7f9a596a,0
ecc9fbc3afb4afe10bd5d9a2963b8709,10
6491b170f6da0eed6d551c188f290c70,10
b230ef3ceb093d3f66eaf989897fd871,10
caa8fbd5e41a93529f5a7e59b9fb0726,0
b2c876ee21278b74bf24a2ae7e2cb92e,10
883db051fed527479a3227942019efd0,10
cc2a12c2b255d637f28263e1bbc5ff64,10
0f9ab7d2bc8ca8703441f82c062a3b80,10
153e0e0ec8020cb88471b76b7c78f914,10
4858ab9f7ffc44205806a6eb248b6e85,0
8a912b2912de0e66075f2052931b11f8,10
dbf3b2cb03bd5e709f29a4819f29fe2c,0
c01d951ade3248a81d6bf45d828abf6b,0
1ed6e4b979649a2ce13bd49280039111,0
0c7de9acd378b2291ca1b8ca947ba6a4,10
7ab1e7e97846895afd559f0b34e220bb,10
8334b0ca8212c984d627dbdca43e4e55,10
1b505678b1de8248e1c8aa22faf6bfe9,10
b1573ae40a00a68c23b8c1e8fefe1f97,10
